;doubling every day;doubling every 2 days;doubling every 4 days;doubling every 10 days;Italy;US;Spain;Germany;Korea, South;date
0;100.0;100.0;100.0;100.0;101739.0;105253.0;104118.0;103228.0;100276.0;0
1;107.17734625362931;101.39594797900291;100.69555500567189;100.13872557113346;105792.0;127417.0;112065.0;108202.0;100770.0;1
2;114.86983549970351;102.81138266560666;101.39594797900291;100.27764359010777;110574.0;143544.0;119199.0;113525.0;101275.0;2
3;123.11444133449163;104.24657608411214;102.10121257071934;100.41675432389732;115242.0;165698.0;126168.0;117658.0;101757.0;3
4;131.9507910772894;105.70180405613803;102.81138266560666;100.55605803984682;119827.0;192079.0;131646.0;120479.0;102141.0;4
5;141.4213562373095;107.17734625362931;103.52649238413775;100.69555500567189;124632.0;223254.0;136675.0;123016.0;102582.0;5
6;151.5716566510398;108.6734862526058;104.24657608411214;100.8352454894595;128948.0;255530.0;141942.0;125098.0;103088.0;6
7;162.4504792712471;110.19051158766106;104.97166836230673;100.97512975966858;132547.0;287931.0;148220.0;127584.0;103639.0;7
8;174.11011265922482;111.72871380722201;105.70180405613803;101.11520808513042;135586.0;319776.0;153222.0;130450.0;104194.0;8
9;186.60659830736148;113.28838852957985;106.43701824533598;101.25548073504929;139422.0;349016.0;158273.0;133830.0;104736.0;9
10;200.0;114.86983549970351;107.17734625362931;101.39594797900291;143626.0;380798.0;163027.0;137439.0;105279.0;10
11;214.35469250725862;116.47335864684558;107.92282365044272;101.53661008694297;147577.0;410834.0;166831.0;139897.0;105752.0;11
12;229.73967099940697;118.09926614295303;108.6734862526058;101.67746732919562;152271.0;441897.0;170099.0;141672.0;106230.0;12
13;246.22888266898326;119.74787046189286;109.42937012607395;101.81851997646207;156363.0;477507.0;172541.0;143457.0;106898.0;13
14;263.9015821545788;121.4194884395047;110.19051158766106;101.95976829981905;159516.0;511790.0;177644.0;145694.0;107598.0;14
15;282.842712474619;123.11444133449163;110.9569472067845;102.10121257071934;162488.0;540714.0;184948.0;148046.0;108269.0;15
16;303.14331330207966;124.8330548901612;111.72871380722201;102.24285306099223;165155.0;567022.0;190839.0;150383.0;108945.0;16
17;324.9009585424942;126.57565939702799;112.50584846888094;102.38469004284423;168941.0;594165.0;191726.0;152438.0;109559.0;17
18;348.22022531844965;128.34258975629044;113.28838852957985;102.52672378885939;172434.0;622493.0;198674.0;154175.0;110146.0;18
19;373.21319661472296;130.13418554419337;114.07637158684236;102.66895457199989;175925.0;648390.0;200210.0;155193.0;110688.0;19
20;400.0;131.9507910772894;114.86983549970351;102.81138266560666;178972.0;678028.0;204178.0;156337.0;111419.0;20
21;428.70938501451724;133.7927554786112;115.66881839052874;102.95400834339972;181228.0;711135.0;208389.0;157641.0;112117.0;21
22;459.47934199881405;135.66043274476718;116.47335864684558;103.09683187947887;183957.0;738464.0;213024.0;159119.0;112789.0;22
23;492.4577653379664;137.5541818139744;117.28349492318787;103.23985354832419;187327.0;763886.0;202990.0;160758.0;113444.0;23
24;527.8031643091576;139.47436663504052;118.09926614295303;103.38307362479644;189973.0;793970.0;205905.0;161703.0;114115.0;24
25;565.685424949238;141.4213562373095;118.9207115002721;103.52649238413775;192994.0;820045.0;207634.0;162496.0;114646.0;25
26;606.2866266041593;143.39552480158272;119.74787046189286;103.67011010197207;195351.0;849926.0;209465.0;163175.0;115195.0;26
27;649.8019170849884;145.39725173203107;120.58078276907605;103.81392705430572;197675.0;881891.0;210773.0;163860.0;115926.0;27
28;696.4404506368992;147.42692172911012;121.4194884395047;103.95794351752787;199414.0;913856.0;212917.0;164807.0;116661.0;28
29;746.4263932294459;149.48492486349383;122.26402776920683;104.10215976841116;201505.0;944770.0;213435.0;166091.0;117458.0;29
30;800.0;151.5716566510398;123.11444133449163;104.24657608411214;203591.0;970741.0;215216.0;167300.0;118243.0;30
31;857.4187700290345;153.68751812880123;123.97076999389867;104.3911927421719;205463.0;995391.0;216582.0;168551.0;118887.0;31
32;918.9586839976281;155.83291593209998;124.8330548901612;104.53601002051649;207428.0;1019964.0;217466.0;169218.0;119387.0;32
33;984.9155306759328;158.00826237267543;125.70133745218284;104.68102819745756;209328.0;1046816.0;218011.0;169575.0;119898.0;33
34;1055.6063286183153;160.2139755179244;126.57565939702799;104.82624755169287;210717.0;1076518.0;219329.0;170508.0;120673.0;34
35;1131.370849898476;162.4504792712471;127.45606273192622;104.97166836230673;211938.0;1111410.0;220325.0;171306.0;121351.0;35
36;1212.5732532083186;164.71820345351463;128.34258975629044;105.11729090877064;213013.0;1138174.0;221447.0;172239.0;122007.0;36
37;1299.6038341699768;167.01758388567387;129.23528306374922;105.26311547094384;214457.0;1161907.0;222857.0;173152.0;122634.0;37
38;1392.8809012737984;169.34906247250544;130.13418554419337;105.40914232907379;215858.0;1185709.0;223578.0;173772.0;123240.0;38
39;1492.8527864588918;171.71308728755074;131.03934038583634;105.55537176379669;217185.0;1209728.0;224350.0;174355.0;123728.0;39
40;1600.0;174.11011265922482;131.9507910772894;105.70180405613803;218268.0;1234210.0;227436.0;174697.0;124269.0;40
41;1714.8375400580687;176.54059925813098;132.86858140965117;105.84843948751328;219070.0;1261949.0;228030.0;175210.0;124945.0;41
42;1837.9173679952562;179.0050141855945;133.7927554786112;105.99527833972817;219814.0;1289132.0;228691.0;176007.0;125519.0;42
43;1969.8310613518656;181.5038310634322;134.72335768656902;106.14232089497946;221216.0;1313586.0;229540.0;176752.0;126044.0;43
44;2111.2126572366315;184.037530124975;135.66043274476718;106.28956743585532;222104.0;1332333.0;230183.0;177212.0;126745.0;44
45;2262.741699796952;186.60659830736148;136.60402567543954;106.43701824533598;223096.0;1351410.0;230698.0;177850.0;127309.0;45
46;2425.1465064166364;189.21152934511917;137.5541818139744;106.58467360679424;223885.0;1374792.0;230698.0;178281.0;127772.0;46
47;2599.2076683399537;191.85282386505287;138.51094681109245;106.732533803996;224760.0;1394807.0;231606.0;178570.0;128283.0;47
48;2785.7618025475967;194.5309894824571;139.47436663504052;106.8805991211008;225435.0;1420697.0;232037.0;179002.0;128918.0;48
49;2985.7055729177846;197.24654089867184;140.44448757379973;107.0288698426624;225886.0;1445548.0;232555.0;179364.0;129633.0;49
50;3200.0;200.0;141.4213562373095;107.17734625362931;226699.0;1469598.0;233037.0;179717.0;130380.0;50
51;3429.6750801161375;202.79189595800582;142.40501955970717;107.32602863934535;227364.0;1488327.0;234824.0;180458.0;131061.0;51
52;3675.8347359905124;205.62276533121332;143.39552480158272;107.47491728555012;228006.0;1510635.0;235290.0;181196.0;131671.0;52
53;3939.6621227037313;208.49315216822427;144.39291955224962;107.62401247837971;228658.0;1531138.0;235772.0;181482.0;132290.0;53
54;4222.425314473263;211.4036081122761;145.39725173203107;107.7733145043671;229327.0;1553964.0;235400.0;181815.0;132818.0;54
55;4525.483399593904;214.35469250725862;146.40856959456255;107.92282365044272;229858.0;1579116.0;236259.0;182028.0;133471.0;55
56;4850.293012833273;217.34697250521165;147.42692172911012;108.07254020393515;230158.0;1602945.0;236259.0;182370.0;134117.0;56
57;5198.415336679907;220.38102317532213;148.45235706290492;108.22246445257149;230555.0;1623134.0;237906.0;182764.0;134678.0;57
58;5571.5236050951935;223.45742761444396;149.48492486349383;108.37259668447801;231139.0;1643308.0;238564.0;183271.0;135344.0;58
59;5971.411145835569;226.5767770591597;150.5246747411067;108.52293718818072;231732.0;1662402.0;239228.0;183678.0;135929.0;59
60;6400.0;229.73967099940697;151.5716566510398;108.6734862526058;232248.0;1681128.0;239479.0;183979.0;136467.0;60
61;6859.350160232275;232.94671729369117;152.6259208960559;108.82424416708037;232664.0;1699891.0;239638.0;184193.0;136983.0;61
62;7351.669471981025;236.19853228590605;153.68751812880123;108.97521122133283;232997.0;1721158.0;239932.0;184543.0;137682.0;62
63;7879.3242454074625;239.49574092378572;154.756499354239;109.1263877054935;233197.0;1746240.0;240326.0;184861.0;138311.0;63
64;8444.850628946526;242.8389768790094;155.83291593209998;109.27777391009525;233515.0;1769320.0;240660.0;185416.0;138898.0;64
65;9050.966799187809;246.22888266898326;156.91681957935015;109.42937012607395;233836.0;1788239.0;240978.0;185674.0;139431.0;65
66;9700.586025666546;249.6661097803224;158.00826237267543;109.5811766447691;234013.0;1806079.0;241310.0;186022.0;139910.0;66
67;10396.830673359815;253.15131879405598;159.10729675098375;109.7331937579243;234531.0;1826169.0;241550.0;186269.0;140340.0;67
68;11143.047210190387;256.6851795125809;160.2139755179244;109.88542175768796;234801.0;1845325.0;241717.0;186461.0;140799.0;68
69;11942.822291671138;260.2683710883867;161.32835184442524;110.03786093661373;234998.0;1873259.0;241966.0;186839.0;141476.0;69
70;12800.0;263.9015821545788;162.4504792712471;110.19051158766106;235278.0;1899699.0;242280.0;187184.0;142157.0;70
71;13718.70032046455;267.5855109572224;163.58041171155622;110.34337400419591;235561.0;1919968.0;242707.0;187764.0;142852.0;71
72;14703.33894396205;271.32086548953436;164.71820345351463;110.49644847999116;235763.0;1937794.0;243209.0;188534.0;143596.0;72
73;15758.648490814925;275.10836362794873;165.86390916288835;110.64973530922721;236142.0;1954694.0;243605.0;189135.0;144152.0;73
74;16889.70125789305;278.94873327008105;167.01758388567387;110.8032347864926;236305.0;1975015.0;243928.0;189822.0;144637.0;74
75;18101.933598375617;282.842712474619;168.1792830507429;110.9569472067845;236651.0;1996733.0;244109.0;190359.0;145091.0;75
76;19401.17205133309;286.79104960316545;169.34906247250544;111.11087286550936;236989.0;2019011.0;244328.0;190862.0;145692.0;76
77;20793.66134671963;290.79450346406213;170.52697835359135;111.2650120584834;237290.0;2044569.0;244683.0;191449.0;146303.0;77
78;22286.094420380774;294.85384345822024;171.71308728755074;111.41936508193324;237500.0;2068726.0;245268.0;192079.0;146859.0;78
79;23885.644583342277;298.9698497269877;172.90744626157303;111.5739322324964;237828.0;2087627.0;245575.0;192556.0;147422.0;79
80;25600.0;303.14331330207966;174.11011265922482;111.72871380722201;238159.0;2108626.0;245938.0;193243.0;147874.0;80
81;27437.4006409291;307.37503625760246;175.32114426320703;111.88371010357112;238011.0;2133175.0;246272.0;193499.0;148273.0;81
82;29406.67788792408;311.6658318641999;176.54059925813098;112.0389214194176;238275.0;2160225.0;246504.0;193761.0;148647.0;82
83;31517.296981629876;316.01652474535086;177.76853623331402;112.19434805304844;238499.0;2188452.0;246752.0;194259.0;149191.0;83
84;33779.4025157861;320.4279510358488;179.0050141855945;112.3499903031645;238720.0;2219506.0;247086.0;194725.0;149731.0;84
85;36203.867196751235;324.9009585424942;180.25009252216603;112.50584846888094;238833.0;2251332.0;247486.0;195228.0;150238.0;85
86;38802.34410266618;329.43640690702927;181.5038310634322;112.66192284972793;239410.0;2277168.0;247905.0;195674.0;150720.0;86
87;41587.32269343924;334.03516777134774;182.7662900458801;112.81821374565115;239706.0;2306969.0;248469.0;196096.0;151149.0;87
88;44572.18884076158;338.6981249450109;184.037530124975;112.97472145701235;239961.0;2345698.0;248770.0;196335.0;151506.0;88
89;47771.28916668455;343.42617457510147;185.3176123780742;113.13144628459003;240136.0;2381949.0;248970.0;196554.0;151901.0;89
90;51200.0;348.22022531844965;186.60659830736148;113.28838852957985;240310.0;2421248.0;249271.0;196944.0;152545.0;90
91;54874.8012818582;353.08119851626196;187.90454984280237;113.44554849359541;240436.0;2470294.0;249659.0;197341.0;153155.0;91
92;58813.35577584816;358.010028371189;189.21152934511917;113.60292647866864;240578.0;2511048.0;250103.0;197783.0;153789.0;92
93;63034.59396325975;363.0076621268644;190.52759960878748;113.76052278725048;240760.0;2553973.0;250545.0;198178.0;154457.0;93
94;67558.8050315722;368.07506024995;191.85282386505287;113.91833772221149;240961.0;2595268.0;250545.0;198556.0;155071.0;94
95;72407.73439350247;373.21319661472296;193.1872657849691;114.07637158684236;241184.0;2645092.0;250545.0;198804.0;155572.0;95
96;77604.68820533236;378.42305869023835;194.5309894824571;114.23462468485452;241419.0;2694215.0;251789.0;198963.0;156167.0;96
97;83174.64538687847;383.70564773010574;195.88405951738537;114.39309732038075;241611.0;2749158.0;252130.0;199375.0;156961.0;97
98;89144.37768152315;389.0619789649142;197.24654089867184;114.55178979797569;241819.0;2800662.0;252513.0;199726.0;157723.0;98
99;95542.5783333691;394.4930817973437;198.61849908740717;114.71070242261654;241956.0;2846607.0;253056.0;200260.0;158549.0;99
100;102400.0;400.0;200.0;114.86983549970351;242149.0;2900335.0;253908.0;200843.0;159342.0;100
101;109749.6025637164;405.58379191601165;201.39111001134378;115.02918933506052;242363.0;2943500.0;253908.0;201372.0;160084.0;101
102;117626.71155169632;411.24553066242663;202.79189595800582;115.18876423493576;242639.0;3000731.0;253908.0;201574.0;160795.0;102
103;126069.1879265195;416.98630433644854;204.20242514143868;115.34856050600224;242827.0;3061037.0;255953.0;201823.0;161541.0;103
104;135117.6100631444;422.8072162245522;205.62276533121332;115.50857845535842;243061.0;3120693.0;256619.0;202345.0;162753.0;104
105;144815.46878700494;428.70938501451724;207.0529847682755;115.66881839052874;243230.0;3189552.0;257494.0;202799.0;164028.0;105
106;155209.37641066473;434.6939450104233;208.49315216822427;115.82928061946431;243344.0;3249991.0;258855.0;203368.0;165344.0;106
107;166349.29077375695;440.76204635064437;209.94333672461346;115.98996545054345;243506.0;3310123.0;260255.0;204183.0;166722.0;107
108;178288.7553630463;446.91485522888803;211.4036081122761;116.1508731925722;243736.0;3369487.0;260255.0;204964.0;168046.0;108
109;191085.1566667382;453.1535541183195;212.874036490672;116.31200415478509;243967.0;3435149.0;260255.0;205269.0;169146.0;109
110;204800.0;459.47934199881405;214.35469250725862;116.47335864684558;244216.0;3501175.0;264836.0;205609.0;170296.0;110
111;219499.2051274328;465.89343458738244;215.84564730088545;116.63493697884672;244434.0;3571989.0;266194.0;206242.0;171911.0;111
112;235253.42310339265;472.3970645718122;217.34697250521165;116.79673946131179;244624.0;3638461.0;267551.0;206926.0;173511.0;112
113;252138.375853039;478.99148184757144;218.8587402521479;116.95876640519474;244752.0;3702783.0;270166.0;207828.0;175046.0;113
114;270235.2201262888;485.6779537580187;220.38102317532213;117.12101812188098;245032.0;3761715.0;272421.0;208698.0;176500.0;114
115;289630.9375740099;492.4577653379664;221.91389441356898;117.28349492318787;245338.0;3822378.0;272421.0;209653.0;177951.0;115
116;310418.75282132946;499.3322195606448;223.45742761444396;117.44619712136534;245590.0;3890572.0;272421.0;209893.0;179203.0;116
117;332698.5815475139;506.3026375881119;225.01169693776188;117.60912502909649;245864.0;3958117.0;278782.0;210402.0;180481.0;117
118;356577.5107260926;513.3703590251616;226.5767770591597;117.77227895949815;246118.0;4026003.0;280610.0;211281.0;182265.0;118
119;382170.3133334764;520.5367421767734;228.1527431736847;117.93565922612159;246286.0;4101150.0;282641.0;212022.0;184103.0;119
120;409600.0;527.8031643091576;229.73967099940697;118.09926614295303;246488.0;4165350.0;285430.0;213067.0;185733.0;120
121;438998.4102548656;535.1710219144449;231.33763678105748;118.26310002441427;246776.0;4221189.0;288522.0;214214.0;187362.0;121
122;470506.8462067853;542.6417309790687;232.94671729369117;118.42716118536327;247158.0;4280913.0;288522.0;215336.0;188848.0;122
123;504276.751706078;550.2167272558975;234.56698984637575;118.59144994109478;247537.0;4345743.0;288522.0;215891.0;190166.0;123
124;540470.4402525777;557.8974665401621;236.19853228590605;118.75596660734102;247832.0;4409871.0;297054.0;216327.0;191531.0;124
125;579261.8751480198;565.685424949238;237.8414230005442;118.9207115002721;248070.0;4479112.0;302814.0;217293.0;193427.0;125
126;620837.5056426589;573.5820992063309;239.49574092378572;119.08568493649683;248229.0;4543688.0;305767.0;218519.0;195099.0;126
127;665397.1630950278;581.5890069281243;241.1615655381521;119.25088723306317;248419.0;4601266.0;309855.0;219964.0;196806.0;127
128;713155.0214521852;589.7076869164405;242.8389768790094;119.41631870745894;248803.0;4648375.0;314362.0;221413.0;198345.0;128
129;764340.6266669529;597.9396994539754;244.52805553841372;119.58197967761241;249204.0;4690059.0;314362.0;222828.0;199787.0;129
130;819200.0;606.2866266041593;246.22888266898326;119.74787046189286;249756.0;4751716.0;314362.0;223453.0;201002.0;130
131;877996.8205097312;614.7500725152049;247.94153998779734;119.91399137911128;250103.0;4806064.0;322980.0;224014.0;202203.0;131
132;941013.6924135706;623.3316637283999;249.6661097803224;120.08034274852086;250566.0;4866244.0;326612.0;225404.0;203926.0;132
133;1008553.503412156;632.0330494907017;251.40267490436568;120.24692488981776;250825.0;4926831.0;329784.0;226914.0;205702.0;133
134;1080940.8805051553;640.8559020716976;253.15131879405598;120.41373812314158;251237.0;4990764.0;337334.0;228621.0;207406.0;134
135;1158523.7502960395;649.8019170849884;254.91212546385245;120.58078276907605;251713.0;5045031.0;342813.0;230048.0;209228.0;135
136;1241675.0112853178;658.8728138140585;256.6851795125809;120.74805914864963;252235.0;5096648.0;342813.0;232082.0;210956.0;136
137;1330794.3261900556;668.0703355426956;258.47056612749844;120.91556758333614;252809.0;5153603.0;342813.0;232864.0;212448.0;137
138;1426310.0429043705;677.3962498900216;260.2683710883867;121.08330839505538;253438.0;5208847.0;359082.0;233575.0;213987.0;138
139;1528681.2533339057;686.8523491502029;262.0786807716726;121.25128190617372;253915.0;5260503.0;364196.0;234853.0;216206.0;139
140;1638400.0;696.4404506368992;263.9015821545788;121.4194884395047;254235.0;5330628.0;370867.0;236429.0;218192.0;140
141;1755993.6410194624;706.1623970325238;265.7371628193023;121.58792831830971;254636.0;5383023.0;377906.0;237936.0;220182.0;141
142;1882027.3848271412;716.0200567423778;267.5855109572224;121.75660186629862;255278.0;5417685.0;386054.0;239507.0;222111.0;142
143;2017107.006824312;726.0153242537286;269.44671537313803;121.92550940763032;256118.0;5455534.0;386054.0;240986.0;223928.0;143
144;2161881.7610103106;736.1501204999;271.32086548953436;122.09465126691343;257065.0;5500436.0;386054.0;241771.0;225481.0;144
145;2317047.500592079;746.4263932294459;273.2080513508791;122.26402776920683;258136.0;5546320.0;405436.0;242381.0;226854.0;145
146;2483350.0225706357;756.8461173804767;275.10836362794873;122.43363924002044;259345.0;5591448.0;412553.0;243599.0;228657.0;146
147;2661588.652380111;767.4112954602115;277.0218936221849;122.60348600531563;260298.0;5639039.0;419849.0;244855.0;230808.0;147
148;2852620.085808741;778.1239579298284;278.94873327008105;122.77356839150603;261174.0;5684712.0;429507.0;246166.0;232859.0;148
149;3057362.5066678114;788.9861635946874;280.88897514759947;122.94388672545806;262540.0;5716623.0;439286.0;247619.0;234739.0;149
150;3276800.0;800.0;282.842712474619;123.11444133449163;263949.0;5750546.0;439286.0;248997.0;236366.0;150
151;3511987.2820389247;811.1675838320233;284.81003911941434;123.28523254638067;265409.0;5793219.0;439286.0;249985.0;237782.0;151
152;3764054.7696542824;822.4910613248533;286.79104960316545;123.45626068935383;266853.0;5835292.0;462858.0;250799.0;239287.0;152
153;4034214.013648624;833.9726086728971;288.78583910449925;123.62752609209515;268218.0;5885810.0;470973.0;252298.0;241439.0;153
154;4323763.522020621;845.6144324491044;290.79450346406213;123.79902908374456;269214.0;5932280.0;479554.0;253474.0;243317.0;154
155;4634095.001184158;857.4187700290345;292.8171391891251;123.97076999389867;270189.0;5975383.0;488513.0;255366.0;245158.0;155
156;4966700.045141271;869.3878900208466;294.85384345822024;124.14274915261123;271515.0;6009514.0;498989.0;256850.0;246951.0;156
157;5323177.304760222;881.5240927012887;296.90471412580985;124.31496689039396;272912.0;6042876.0;498989.0;258480.0;248568.0;157
158;5705240.171617482;893.8297104577761;298.9698497269877;124.48742353821703;274644.0;6084854.0;498989.0;259428.0;250051.0;158
159;6114725.013335623;906.307108236639;301.0493494822135;124.66011942750974;276338.0;6124815.0;525549.0;260355.0;251421.0;159
160;6553600.0;918.9586839976281;303.14331330207966;124.8330548901612;277634.0;6169955.0;534513.0;261762.0;253445.0;160
161;7023974.564077858;931.7868691747649;305.25184179211186;125.00623025852092;278784.0;6218289.0;543379.0;263663.0;255401.0;161
162;7528109.539308565;944.7941291436244;307.37503625760246;125.17964586539945;280153.0;6261912.0;554143.0;265857.0;257110.0;162
163;8068428.027297248;957.9829636951429;309.512998708478;125.35330204406905;281583.0;6291031.0;566326.0;267773.0;258913.0;163
164;8647527.044041231;971.3559075160374;311.6658318641999;125.52719912826433;283180.0;6315594.0;566326.0;270070.0;260404.0;164
165;9268190.002368316;984.9155306759328;313.83363915870024;125.70133745218284;284796.0;6342338.0;566326.0;271415.0;261778.0;165
166;9933400.090282554;998.6644391212895;316.01652474535086;125.87571735048577;286297.0;6375976.0;593730.0;272337.0;263374.0;166
167;10646354.609520445;1012.6052751762238;318.21459350196744;126.05033915829856;287753.0;6415424.0;603167.0;274158.0;265423.0;167
168;11410480.343234964;1026.7407180503233;320.4279510358488;126.22520321121155;288761.0;6460047.0;614360.0;275927.0;267470.0;168
169;12229450.02667123;1041.0734843535467;322.6567036888505;126.40030984528067;289990.0;6505630.0;625651.0;278070.0;269362.0;169
170;13107200.0;1055.6063286183153;324.9009585424942;126.57565939702799;291442.0;6545921.0;640040.0;280223.0;271227.0;170
171;14047949.128155716;1070.3420438288897;327.16082342311245;126.75125220344245;293025.0;6578485.0;640040.0;282730.0;272982.0;171
172;15056219.07861713;1085.2834619581374;329.43640690702927;126.92708860198047;294932.0;6615663.0;640040.0;284140.0;274415.0;172
173;16136856.054594496;1100.433454511795;331.7278183257767;127.10316893056664;296569.0;6653955.0;671468.0;285332.0;275910.0;173
174;17295054.088082463;1115.7949330803242;334.03516777134774;127.27949352759428;298156.0;6699274.0;682267.0;287421.0;277989.0;174
175;18536380.004736632;1131.370849898476;336.3585661014858;127.45606273192622;299506.0;6749458.0;693556.0;289219.0;279930.0;175
176;19866800.180565108;1147.1641984126618;338.6981249450109;127.63287688289529;300897.0;6795236.0;704209.0;291722.0;281938.0;176
177;21292709.21904089;1163.1780138562485;341.0539567071827;127.80993632030516;302537.0;6836846.0;716481.0;294395.0;284022.0;177
178;22820960.686469927;1179.415373832881;343.42617457510147;127.98724138443079;304323.0;6868889.0;716481.0;296958.0;285931.0;178
179;24458900.05334246;1195.8793989079509;345.81489252314606;128.1647924160193;306235.0;6907160.0;716481.0;299237.0;287536.0;179
180;26214400.0;1212.5732532083186;348.22022531844965;128.34258975629044;308104.0;6948280.0;748266.0;300619.0;289263.0;180
181;28095898.25631143;1229.5001450304098;350.64228852641406;128.5206337469373;309870.0;6997163.0;748266.0;303258.0;290983.0;181
182;30112438.15723426;1246.6633274567998;353.08119851626196;128.69892473012706;311364.0;7044299.0;769188.0;306086.0;292699.0;182
183;32273712.109188993;1264.0660989814035;355.5370724666281;128.87746304850157;313011.0;7087846.0;778607.0;310144.0;295132.0;183
184;34590108.176164925;1281.7118041433953;358.010028371189;129.0562490451779;314861.0;7121625.0;789932.0;314660.0;298402.0;184
185;37072760.009473264;1299.6038341699768;360.5001850443321;129.23528306374922;317409.0;7159365.0;789932.0;319381.0;301172.0;185
186;39733600.361130215;1317.745627628117;363.0076621268644;129.41456544828534;319908.0;7201398.0;789932.0;322864.0;303553.0;186
187;42585418.43808178;1336.1406710853912;365.5325800917602;129.59409654333336;322751.0;7240029.0;813412.0;325331.0;305842.0;187
188;45641921.372939855;1354.7924997800433;368.07506024995;129.77387669391834;325329.0;7286273.0;825410.0;329453.0;308725.0;188
189;48917800.10668492;1373.7046983004059;370.6352247561483;129.953906245544;327586.0;7339716.0;835901.0;334585.0;311289.0;189
190;52428800.0;1392.8809012737984;373.21319661472296;130.13418554419337;330263.0;7388997.0;848324.0;341223.0;313773.0;190
191;56191796.51262286;1412.3247940650476;375.8090996856047;130.3147149363294;333940.0;7422128.0;861112.0;348557.0;316020.0;191
192;60224876.31446852;1432.0401134847557;378.42305869023835;130.49549476889578;338398.0;7459485.0;861112.0;356387.0;318105.0;192
193;64547424.218377985;1452.0306485074573;381.0551992175749;130.67652538931733;343770.0;7504030.0;861112.0;361974.0;319777.0;193
194;69180216.35232985;1472.3002409998;383.70564773010574;130.85780714550103;349494.0;7553167.0;888968.0;366299.0;321352.0;194
195;74145520.01894653;1492.8527864588918;386.3745315699382;131.03934038583634;354950.0;7611057.0;896086.0;373167.0;323379.0;195
196;79467200.72226043;1513.6922347609534;389.0619789649142;131.2211254591961;359569.0;7666136.0;908056.0;380762.0;325804.0;196
197;85170836.87616356;1534.822590920423;391.76811903477073;131.4031627149371;365467.0;7721502.0;921374.0;392049.0;327976.0;197
198;91283842.74587971;1556.2479158596568;394.4930817973437;131.5854525029008;372799.0;7768402.0;936560.0;403291.0;329925.0;198
199;97835600.21336985;1577.9723271893747;397.23699817481435;131.767995173414;381602.0;7810482.0;936560.0;418005.0;331519.0;199
200;104857600.0;1600.0;400.0;131.9507910772894;391611.0;7860605.0;936560.0;429181.0;332816.0;200
201;112383593.02524573;1622.3351676640461;402.78222002268745;132.13384056582652;402536.0;7919047.0;974449.0;437866.0;334163.0;201
202;120449752.62893704;1644.9821226497065;405.58379191601165;132.317143990812;414241.0;7982584.0;988322.0;449275.0;335742.0;202
203;129094848.43675597;1667.945217345794;408.40485028287725;132.50070170452076;423578.0;8052758.0;1005295.0;464239.0;337679.0;203
204;138360432.7046597;1691.2288648982087;411.24553066242663;132.68451405971618;434449.0;8107590.0;1026281.0;481013.0;339361.0;204
205;148291040.03789306;1714.8375400580687;414.10596953655096;132.86858140965117;449648.0;8159760.0;1046132.0;499694.0;340978.0;205
206;158934401.44452086;1738.7757800416932;416.98630433644854;133.05290410806862;465726.0;8227642.0;1046132.0;518753.0;342396.0;206
207;170341673.7523271;1763.0481854025768;419.88667344922686;133.23748250920218;484869.0;8289379.0;1046132.0;532930.0;343445.0;207
208;182567685.49175942;1787.6594209155521;422.8072162245522;133.4223169677769;504509.0;8350085.0;1098320.0;545027.0;344518.0;208
209;195671200.4267397;1812.6142164732773;425.7480729813439;133.60740783900994;525782.0;8429706.0;1116738.0;560379.0;346088.0;209
210;209715200.0;1837.9173679952562;428.70938501451724;133.7927554786112;542789.0;8511366.0;1136503.0;577593.0;347529.0;210
211;224767186.05049145;1863.5737383495289;431.6912946017708;133.97836024278408;564778.0;8589741.0;1160083.0;597583.0;348969.0;211
212;240899505.25787407;1889.588258287249;434.6939450104233;134.16422248822613;589766.0;8650716.0;1185678.0;619089.0;350476.0;212
213;258189696.87351194;1915.9659273902857;437.7174805042958;134.35034257212968;616595.0;8715280.0;1185678.0;642488.0;351899.0;213
214;276720865.4093194;1942.7118150320753;440.76204635064437;134.5367208521826;647674.0;8792503.0;1185678.0;658505.0;353089.0;214
215;296582080.0757861;1969.8310613518656;443.82778882713797;134.72335768656902;679430.0;8878980.0;1240697.0;671868.0;354355.0;215
216;317868802.8890417;1997.3288782425793;446.91485522888803;134.91025343396987;709335.0;8970273.0;1259366.0;687200.0;356305.0;216
217;340683347.5046542;2025.2105503524476;450.02339387552377;135.09740845356376;731588.0;9070122.0;1284408.0;705687.0;358412.0;217
218;365135370.98351884;2053.481436100647;453.1535541183195;135.28482310502744;759829.0;9157465.0;1306316.0;727553.0;360536.0;218
219;391342400.8534794;2082.1469687070935;456.3054863473694;135.47249774853677;790377.0;9235295.0;1328832.0;751095.0;362639.0;219
220;419430400.0;2111.2126572366315;459.47934199881405;135.66043274476718;824879.0;9317102.0;1328832.0;773556.0;364700.0;220
221;449534372.1009829;2140.6840876577794;462.67527356211497;135.84862845489448;862681.0;9441868.0;1328832.0;790503.0;366386.0;221
222;481799010.51574814;2170.5669239162758;465.89343458738244;136.0370852405955;902490.0;9542130.0;1381218.0;801327.0;367974.0;222
223;516379393.7470239;2200.86690902359;469.1339796927515;136.22580346404882;935104.0;9670211.0;1381218.0;815746.0;370640.0;223
224;553441730.8186388;2231.5898661606493;472.3970645718122;136.41478348793547;960373.0;9797267.0;1417709.0;833307.0;373120.0;224
225;593164160.1515722;2262.741699796952;475.6828460010884;136.60402567543954;995463.0;9924331.0;1437220.0;855916.0;375464.0;225
226;635737605.7780834;2294.328396825323;478.99148184757144;136.7935303902491;1028424.0;10044004.0;1458591.0;879564.0;377712.0;226
227;681366695.0093085;2326.356027712497;482.3231310763042;136.9832979965566;1066401.0;10160960.0;1458591.0;902528.0;379935.0;227
228;730270741.9670377;2358.830747665761;485.6779537580187;137.17332885905975;1107303.0;10297512.0;1458591.0;918269.0;381694.0;228
229;782684801.7069588;2391.7587978159017;489.05611107682745;137.36362334296223;1144552.0;10445194.0;1496864.0;929133.0;383407.0;229
230;838860800.0;2425.1465064166364;492.4577653379664;137.5541818139744;1178529.0;10603990.0;1510023.0;942687.0;385831.0;230
231;899068744.2019658;2459.0002900608197;495.8830799755947;137.74500463831376;1205881.0;10783508.0;1525341.0;961320.0;388351.0;231
232;963598021.0314963;2493.3266549135988;499.3322195606448;137.93609218270606;1238072.0;10947558.0;1541574.0;983588.0;390719.0;232
233;1032758787.4940478;2528.132197962807;502.80534980873136;138.12744481438568;1272352.0;11087273.0;1556730.0;1006394.0;393042.0;233
234;1106883461.6372776;2563.42360828679;506.3026375881119;138.3190629010965;1308528.0;11240360.0;1556730.0;1028089.0;395460.0;234
235;1186328320.3031445;2599.2076683399537;509.8242509277049;138.51094681109245;1345767.0;11405007.0;1556730.0;1042700.0;397466.0;235
236;1271475211.556167;2635.4912552562337;513.3703590251616;138.70309691313852;1380531.0;11576977.0;1582616.0;1053869.0;399591.0;236
237;1362733390.018617;2672.2813421707824;516.9411322549969;138.89551357651104;1408868.0;11769278.0;1594844.0;1067473.0;402775.0;237
238;1460541483.9340754;2709.5849995600865;520.5367421767734;139.0881971709988;1431795.0;11970947.0;1605066.0;1084743.0;406065.0;238
239;1565369603.4139175;2747.4093966008127;524.1573615433454;139.2811480669035;1455022.0;12150765.0;1617355.0;1106789.0;409099.0;239
240;1677721600.0;2785.7618025475967;527.8031643091576;139.47436663504052;1480874.0;12297352.0;1628208.0;1130238.0;412311.0;240
241;1798137488.4039316;2824.649588130096;531.4743256386047;139.66785324673975;1509875.0;12478864.0;1628208.0;1153556.0;415425.0;241
242;1927196042.0629926;2864.0802269695114;535.1710219144449;139.86160827384614;1538217.0;12652424.0;1628208.0;1171323.0;418252.0;242
243;2065517574.9880955;2904.0612970149155;538.8934307462762;140.05563208872047;1564532.0;12832636.0;1648187.0;1183655.0;420950.0;243
244;2213766923.274555;2944.6004819996;542.6417309790687;140.2499250642401;1585178.0;12949886.0;1656444.0;1197709.0;425065.0;244
245;2372656640.606289;2985.7055729177846;546.4161027017583;140.44448757379973;1601554.0;13164520.0;1665775.0;1218524.0;429002.0;245
246;2542950423.112334;3027.384469521907;550.2167272558975;140.6393199913119;1620901.0;13332744.0;1675902.0;1242203.0;432901.0;246
247;2725466780.037234;3069.645181840847;554.0437872443699;140.83442269120806;1641610.0;13473094.0;1684647.0;1272078.0;436968.0;247
248;2921082967.8681507;3112.4958317193136;557.8974665401621;141.02979604843895;1664829.0;13628010.0;1684647.0;1300516.0;440896.0;248
249;3130739206.827835;3155.9446543787503;561.7779502951989;141.2254404384755;1688939.0;13825125.0;1684647.0;1320716.0;444200.0;249
250;3355443200.0;3200.0;565.685424949238;141.4213562373095;1709991.0;14021288.0;1702328.0;1337078.0;447230.0;250
251;3596274976.807863;3244.6703353280923;569.6200782388286;141.6175438214544;1728878.0;14241509.0;1702328.0;1351510.0;452350.0;251
252;3854392084.125985;3289.964245299413;573.5820992063309;141.81400356794586;1742557.0;14476879.0;1712101.0;1379238.0;457612.0;252
253;4131035149.976191;3335.890434691588;577.5716782089984;142.01073585434273;1757394.0;14698889.0;1720056.0;1406161.0;462555.0;253
254;4427533846.54911;3382.4577297964174;581.5890069281243;142.20774105872746;1770149.0;14878214.0;1730575.0;1439938.0;467907.0;254
255;4745313281.212578;3429.6750801161375;585.6342783782501;142.40501955970717;1787147.0;15073674.0;1730575.0;1471238.0;473034.0;255
256;5085900846.224668;3477.5515600833864;589.7076869164405;142.6025717364141;1805873.0;15300731.0;1730575.0;1494009.0;477358.0;256
257;5450933560.074468;3526.0963708051536;593.8094282516196;142.80039796850642;1825775.0;15516738.0;1751884.0;1510652.0;482310.0;257
258;5842165935.736301;3575.3188418311042;597.9396994539754;142.99849863616907;1843712.0;15753682.0;1762212.0;1530180.0;489484.0;258
259;6261478413.65567;3625.2284329465547;602.0986989644268;143.19687412011436;1855737.0;15992585.0;1773290.0;1554920.0;496584.0;259
260;6710886400.0;3675.8347359905124;606.2866266041593;143.39552480158272;1870576.0;16217119.0;1785421.0;1587115.0;503606.0;260
261;7192549953.615726;3727.1474766990577;610.5036835842236;143.59445106234355;1888144.0;16408717.0;1797236.0;1612648.0;510583.0;261
262;7708784168.25197;3779.176516574498;614.7500725152049;143.79365328469572;1906377.0;16618545.0;1797236.0;1627103.0;517271.0;262
263;8262070299.952382;3831.9318547805715;619.025997416956;143.99313185146858;1921778.0;16844860.0;1797236.0;1640858.0;523088.0;263
264;8855067693.09822;3885.4236300641505;623.3316637283999;144.19288714602249;1938083.0;17079664.0;1819249.0;1651834.0;528652.0;264
265;9490626562.425156;3939.6621227037313;627.6672783174005;144.39291955224962;1953185.0;17319910.0;1829903.0;1664726.0;536495.0;265
266;10171801692.449335;3994.6577564851586;632.0330494907017;144.59322945457473;1964054.0;17567855.0;1842289.0;1687185.0;544117.0;266
267;10901867120.148935;4050.4211007048953;636.4291870039349;144.7938172379559;1977370.0;17773707.0;1854951.0;1719737.0;551551.0;267
268;11684331871.472603;4106.962872201294;640.8559020716976;144.99468328788518;1991278.0;17960902.0;1854951.0;1742661.0;558864.0;268
269;12522956827.31134;4164.293937414187;645.313407377701;145.19582799038943;2009317.0;18157760.0;1854951.0;1755351.0;565098.0;269
270;13421772800.0;4222.425314473263;649.8019170849884;145.39725173203107;2028354.0;18363691.0;1854951.0;1765666.0;570414.0;270
271;14385099907.231453;4281.368175315559;654.3216468462249;145.59895489990865;2038759.0;18585131.0;1879413.0;1775513.0;575615.0;271
272;15417568336.50394;4341.1338478325515;658.8728138140585;145.80093788165792;2047696.0;18798079.0;1893502.0;1787410.0;583065.0;272
273;16524140599.904764;4401.73381804718;663.4556366515534;146.00320106545217;2056277.0;18925256.0;1910218.0;1808647.0;589978.0;273
274;17710135386.19644;4463.179732321299;668.0703355426956;146.20574484000332;2067487.0;19142696.0;1928265.0;1835038.0;596209.0;274
275;18981253124.85031;4525.483399593904;672.7171322029716;146.40856959456255;2083689.0;19278657.0;1928265.0;1866887.0;602045.0;275
276;20343603384.89867;4588.656793650646;677.3962498900216;146.61167571892094;2107166.0;19451959.0;1928265.0;1891581.0;607463.0;276
277;21803734240.29787;4652.712055424994;682.1079134143654;146.81506360341032;2129376.0;19657930.0;1928265.0;1908527.0;611670.0;277
278;23368663742.945206;4717.661495331522;686.8523491502029;147.0187336389041;2141201.0;19876227.0;1958844.0;1921024.0;615532.0;278
279;25045913654.62268;4783.5175956318035;691.6297850462921;147.22268621681783;2155446.0;20191315.0;1982544.0;1933826.0;620938.0;279
280;26843545600.0;4850.293012833273;696.4404506368992;147.42692172911012;2166244.0;20370218.0;1982544.0;1953426.0;625967.0;280
281;28770199814.462906;4918.000580121639;701.2845770528281;147.6314405682833;2181619.0;20642497.0;2024904.0;1978590.0;630838.0;281
282;30835136673.00788;4986.6533098271975;706.1623970325238;147.8362431273842;2201945.0;20845898.0;2050360.0;2000958.0;635253.0;282
283;33048281199.80953;5056.264395925614;711.0741449332562;148.0413298000049;2220361.0;21031400.0;2050360.0;2019636.0;639083.0;283
284;35420270772.39288;5126.84721657358;716.0200567423778;148.2467009802835;2237890.0;21264264.0;2050360.0;2033518.0;642207.0;284
285;37962506249.70062;5198.415336679907;721.0003700886642;148.45235706290492;2257866.0;21524027.0;2111782.0;2040659.0;645226.0;285
286;40687206769.79734;5270.982510512467;726.0153242537286;148.6582984431015;2276491.0;21810271.0;2137220.0;2052028.0;649669.0;286
287;43607468480.59574;5344.562684341565;731.0651601835204;148.86452551665397;2289021.0;22114339.0;2176089.0;2068002.0;653792.0;287
288;46737327485.89041;5419.169999120173;736.1501204999;149.07103867989204;2303263.0;22379078.0;2211967.0;2088400.0;657508.0;288
289;50091827309.24536;5494.818793201625;741.2704495122968;149.2778383296953;2319036.0;22589921.0;2252164.0;2106262.0;661015.0;289
290;53687091200.0;5571.5236050951935;746.4263932294459;149.48492486349383;2336279.0;22793884.0;2252164.0;2122679.0;664391.0;290
291;57540399628.92581;5649.299176260192;751.6181993712096;149.69229867926913;2352423.0;23015698.0;2252164.0;2134936.0;667390.0;291
292;61670273346.01576;5728.160453939023;756.8461173804767;149.89996017555472;2368733.0;23245029.0;2336451.0;2141665.0;670483.0;292
293;66096562399.61906;5808.122594029831;762.1103984351499;150.10790975143712;2381277.0;23480606.0;2370742.0;2148077.0;674868.0;293
294;70840541544.78577;5889.2009639992;767.4112954602115;150.31614780655627;2390102.0;23725604.0;2412318.0;2161275.0;679030.0;294
295;75925012499.40125;5971.411145835569;772.7490631398766;150.5246747411067;2400598.0;23943293.0;2456675.0;2178828.0;683566.0;295
296;81374413539.59468;6054.768939043814;778.1239579298284;150.7334909558381;2414166.0;24119847.0;2499560.0;2192850.0;687984.0;296
297;87214936961.19148;6139.290363681694;783.5362380695417;150.94259685205597;2428221.0;24260675.0;2499560.0;2205171.0;692174.0;297
298;93474654971.78082;6224.991663438627;788.9861635946874;151.15199283162266;2441854.0;24417570.0;2499560.0;2216363.0;696032.0;298
299;100183654618.49072;6311.889308757501;794.4739963496288;151.36167929695793;2455185.0;24604952.0;2593382.0;2221971.0;700102.0;299
300;107374182400.0;6400.0;800.0;151.5716566510398;2466813.0;24797504.0;2629817.0;2228085.0;705902.0;300
301;115080799257.85162;6489.340670656185;805.5644400453749;151.7819252974054;2475372.0;24989279.0;2670102.0;2237790.0;712503.0;301
302;123340546692.03152;6579.928490598826;811.1675838320233;151.99248564015159;2485956.0;25167454.0;2705001.0;2252001.0;719269.0;302
303;132193124799.23811;6671.780869383176;816.8097005657545;152.2033380839358;2501147.0;25307600.0;2743119.0;2264909.0;726274.0;303
304;141681083089.57153;6764.915459592835;822.4910613248533;152.41448303397692;2515507.0;25437201.0;2743119.0;2275394.0;733902.0;304
305;151850024998.8025;6859.350160232275;828.2119390731019;152.6259208960559;2529070.0;25588209.0;2743119.0;2284010.0;741413.0;305
306;162748827079.18936;6955.103120166773;833.9726086728971;152.83765207651666;2541783.0;25743665.0;2822805.0;2288545.0;749979.0;306
307;174429873922.38297;7052.192741610307;839.7733468984537;153.04967698226676;2553032.0;25910426.0;2851869.0;2291924.0;762983.0;307
308;186949309943.56165;7150.6376836622085;845.6144324491044;153.26199602077833;2560957.0;26074169.0;2883465.0;2299996.0;777497.0;308
309;200367309236.98145;7250.456865893109;851.4961459626878;153.47460960008868;2570608.0;26225109.0;2913425.0;2310233.0;793582.0;309
310;214748364800.0;7351.669471981025;857.4187700290345;153.68751812880123;2583790.0;26337967.0;2941990.0;2320093.0;811122.0;310
311;230161598515.70325;7454.2949533981155;863.3825892035416;153.90072201608623;2597446.0;26463281.0;2941990.0;2328447.0;828637.0;311
312;246681093384.06305;7558.353033148996;869.3878900208466;154.11422167168155;2611659.0;26580311.0;2941990.0;2334561.0;845709.0;312
313;264386249598.47623;7663.863709561143;875.4349610085916;154.32801750589348;2625098.0;26704683.0;2989085.0;2338987.0;864042.0;313
314;283362166179.14307;7770.847260128301;881.5240927012887;154.54210992959747;2636738.0;26829713.0;3005487.0;2342843.0;884310.0;314
315;303700049997.605;7879.3242454074625;887.6555776542759;154.756499354239;2644707.0;26960825.0;3023601.0;2350399.0;907214.0;315
316;325497654158.3787;7989.315512970317;893.8297104577761;154.9711861918343;2655319.0;27077685.0;3041454.0;2360606.0;934656.0;316
317;348859747844.7659;8100.8422014097905;900.0467877510475;155.1861708549712;2668266.0;27167114.0;3056035.0;2369719.0;971018.0;317
318;373898619887.1233;8213.925744402588;906.307108236639;155.4014537568099;2683403.0;27249913.0;3056035.0;2378883.0;1009688.0;318
319;400734618473.9629;8328.587874828374;912.6109726947388;155.61703531108373;2697296.0;27345294.0;3056035.0;2386559.0;1044963.0;319
320;429496729600.0;8444.850628946526;918.9586839976281;155.83291593209998;2710819.0;27440577.0;3086286.0;2390928.0;1081681.0;320
321;460323197031.4065;8562.736350631118;925.3505471242299;156.0490960347407;2721879.0;27547349.0;3096343.0;2394811.0;1131239.0;321
322;493362186768.1273;8682.267695665103;931.7868691747649;156.26557603446346;2729223.0;27647931.0;3107172.0;2402818.0;1185361.0;322
323;528772499196.9511;8803.46763609436;938.267959385503;156.48235634730227;2739591.0;27738689.0;3121687.0;2414687.0;1239287.0;323
324;566724332358.2861;8926.359464642597;944.7941291436244;156.69943738986817;2751657.0;27806997.0;3133122.0;2424684.0;1294205.0;324
325;607400099995.21;9050.966799187809;951.3656920021768;156.91681957935015;2765412.0;27862445.0;3133122.0;2434446.0;1350630.0;325
326;650995308316.7574;9177.313587301293;957.9829636951429;157.13450333351605;2780882.0;27921667.0;3133122.0;2442336.0;1405246.0;326
327;697719495689.5336;9305.424110849988;964.6462621526084;157.3524890707132;2795796.0;27990512.0;3153971.0;2447068.0;1462421.0;327
328;747797239774.2448;9435.322990663044;971.3559075160374;157.57077720986922;2809246.0;28063092.0;3161432.0;2451011.0;1552851.0;328
329;801469236947.9258;9567.035191263607;978.1122221536549;157.78936817049305;2818863.0;28138250.0;3170644.0;2460030.0;1645978.0;329
330;858993459200.0;9700.586025666546;984.9155306759328;158.00826237267543;2832162.0;28212033.0;3180212.0;2471942.0;1755806.0;330
331;920646394062.813;9836.001160243279;991.7661599511894;158.22746023708999;2848564.0;28267298.0;3188553.0;2482522.0;1858009.0;331
332;986724373536.2546;9973.306619654395;998.6644391212895;158.44696218499382;2868435.0;28322781.0;3188553.0;2492079.0;1962837.0;332
333;1057544998393.9022;10112.528791851228;1005.6106996174627;158.66676863822858;2888923.0;28396641.0;3188553.0;2500182.0;2058184.0;333
334;1133448664716.5723;10253.69443314716;1012.6052751762238;158.88688001922097;2907825.0;28471666.0;3204531.0;2505193.0;2157734.0;334
335;1214800199990.42;10396.830673359815;1019.6485018554098;159.10729675098375;2925265.0;28548945.0;3130184.0;2509445.0;2329182.0;335
336;1301990616633.515;10541.965021024935;1026.7407180503233;159.32801925711655;2938371.0;28624365.0;3136321.0;2518591.0;2499188.0;336
337;1395438991379.0671;10689.12536868313;1033.8822645099938;159.5490479618066;2955434.0;28695654.0;3142358.0;2532947.0;2665077.0;337
338;1495594479548.4895;10838.339998240346;1041.0734843535467;159.7703832898296;2976274.0;28747418.0;3149012.0;2545781.0;2831283.0;338
339;1602938473895.8516;10989.63758640325;1048.3147230866907;159.99202566655052;2999119.0;28797858.0;3149012.0;2558455.0;2994841.0;339
340;1717986918400.0;11143.047210190387;1055.6063286183153;160.2139755179244;3023129.0;28856276.0;3149012.0;2569245.0;3134456.0;340
341;1841292788125.626;11298.598352520385;1062.9486512772094;160.43623327049727;3046762.0;28923327.0;3160970.0;2575849.0;3273449.0;341
342;1973448747072.5093;11456.320907878046;1070.3420438288897;160.65879935140677;3067486.0;28992271.0;3164982.0;2581329.0;3492686.0;342
343;2115089996787.8044;11616.245188059662;1077.7868614925524;160.88167418838316;3081368.0;29060150.0;3172101.0;2594764.0;3691488.0;343
344;2266897329433.1445;11778.4019279984;1085.2834619581374;161.10485820975003;3101093.0;29121181.0;3178356.0;2612268.0;3958326.0;344
345;2429600399980.84;11942.822291671138;1092.8322054035166;161.32835184442524;3123368.0;29162792.0;3183704.0;2629750.0;4212652.0;345
346;2603981233267.03;12109.537878087627;1100.433454511795;161.5521555219216;3149017.0;29206884.0;3183704.0;2645783.0;4456264.0;346
347;2790877982758.1343;12278.580727363387;1108.0875744887398;161.7762696723478;3175807.0;29262387.0;3183704.0;2659516.0;4666977.0;347
348;2991188959096.979;12449.983326877255;1115.7949330803242;162.00069472640917;3201838.0;29320159.0;3195062.0;2667225.0;4869691.0;348
349;3205876947791.703;12623.778617515001;1123.5559005903979;162.22543111540855;3223142.0;29381951.0;3200024.0;2674710.0;5212118.0;349
350;3435973836800.0;12800.0;1131.370849898476;162.4504792712471;3238394.0;29444556.0;3206116.0;2690523.0;5539650.0;350
351;3682585576251.252;12978.68134131237;1139.2401564776571;162.6758396264252;3258770.0;29501376.0;3212332.0;2713180.0;5822626.0;351
352;3946897494145.0186;13159.856981197652;1147.1641984126618;162.90151261404307;3281810.0;29540650.0;3212332.0;2734753.0;6206277.0;352
353;4230179993575.609;13343.561738766351;1155.1433564179968;163.12749866780194;3306711.0;29591683.0;3212332.0;2755225.0;6556453.0;353
354;4533794658866.289;13529.83091918567;1163.1780138562485;163.35379822200454;3332418.0;29645750.0;3212332.0;2772401.0;6866222.0;354
355;4859200799961.68;13718.70032046455;1171.2685567565002;163.58041171155622;3356331.0;29705024.0;3228803.0;2782273.0;7228550.0;355
356;5207962466534.06;13910.206240333546;1179.415373832881;163.80733957196554;3376376.0;29767414.0;3234319.0;2791822.0;7629275.0;356
357;5581755965516.269;14104.385483220614;1187.6188565032392;164.03458223934527;3400877.0;29829046.0;3234319.0;2808873.0;8250592.0;357
358;5982377918193.958;14301.275367324417;1195.8793989079509;164.26214015041316;3419616.0;29887913.0;3247738.0;2833173.0;8657609.0;358
359;6411753895583.406;14500.913731786219;1204.1973979288537;164.49001374249286;3440862.0;29923291.0;3255324.0;2855061.0;9038938.0;359
360;6871947673600.0;14703.33894396205;1212.5732532083186;164.71820345351463;3464543.0;29970715.0;3255324.0;2873190.0;9373646.0;360
361;7365171152502.504;14908.589906796231;1221.0073671684472;164.9467097220163;3488619.0;30023573.0;3255324.0;2885386.0;9582815.0;361
362;7893794988290.037;15116.706066297991;1229.5001450304098;165.17553298714398;3512453.0;30111330.0;3270825.0;2893883.0;9936540.0;362
363;8460359987151.218;15327.727419122286;1238.051994833912;165.40467368865313;3532057.0;30178957.0;3275819.0;2900768.0;10427247.0;363
364;9067589317732.578;15541.694520256602;1246.6633274567998;165.63413226690912;3544957.0;30255328.0;3284353.0;2910445.0;10822836.0;364
365;9718401599923.36;15758.648490814925;1255.334556634801;165.86390916288835;3561012.0;30319383.0;3291394.0;2930852.0;11162232.0;365
366;10415924933068.12;15978.631025940635;1264.0660989814035;166.09400481817883;3584899.0;30365703.0;3291394.0;2956316.0;11497711.0;366
367;11163511931032.537;16201.684402819581;1272.8583740078698;166.32441967498127;3607083.0;30431575.0;3300965.0;2980413.0;11815841.0;367
368;11964755836387.916;16427.851488805176;1281.7118041433953;166.5551541761098;3629000.0;30493265.0;3300965.0;2998268.0;12003054.0;368
369;12823507791166.812;16657.175749656748;1290.626814755402;166.7862087649928;3650247.0;30562795.0;3311325.0;3011513.0;12350428.0;369
370;13743895347200.0;16889.70125789305;1299.6038341699768;167.01758388567387;3668264.0;30639651.0;3317948.0;3022323.0;12774956.0;370
371;14730342305005.008;17125.472701262235;1308.6432936924498;167.24927998281257;3678944.0;30713675.0;3326736.0;3044016.0;13095631.0;371
372;15787589976580.074;17364.535391330206;1317.745627628117;167.4812975016853;3686707.0;30778555.0;3336637.0;3073442.0;13375818.0;372
373;16920719974302.436;17606.93527218872;1326.9112733031068;167.71363688818624;3700393.0;30816478.0;3347512.0;3099273.0;13639915.0;373
374;18135178635465.156;17852.718929285194;1336.1406710853912;167.94629858882806;3717602.0;30883565.0;3347512.0;3123077.0;13874216.0;374
375;19436803199846.72;18101.933598375617;1345.4342644059432;168.1792830507429;3736526.0;30946391.0;3347512.0;3142262.0;14001406.0;375
376;20831849866136.24;18354.627174602585;1354.7924997800433;168.4125907216832;3754077.0;31022168.0;3370256.0;3153699.0;14267401.0;376
377;22327023862065.074;18610.848221699976;1364.2158268287308;168.6462220500225;3769814.0;31102234.0;3376548.0;3163308.0;14553644.0;377
378;23929511672775.832;18870.645981326088;1373.7046983004059;168.8801774847564;3779594.0;31186987.0;3387022.0;3188192.0;14778405.0;378
379;25647015582333.625;19134.070382527214;1383.2595700925842;169.11445747550331;3793033.0;31257522.0;3396685.0;3217710.0;14983694.0;379
380;27487790694400.0;19401.17205133309;1392.8809012737984;169.34906247250544;3809193.0;31304978.0;3407283.0;3245253.0;15169189.0;380
381;29460684610010.016;19672.002320486557;1402.5691541056563;169.58399292662955;3826156.0;31367160.0;3407283.0;3268645.0;15333670.0;381
382;31575179953160.15;19946.61323930879;1412.3247940650476;169.81924928936795;3842079.0;31448001.0;3407283.0;3287418.0;15424598.0;382
383;33841439948604.87;20225.057583702455;1422.1482898665124;170.05483201283917;3857443.0;31523605.0;3428354.0;3299325.0;15635274.0;383
384;36270357270930.31;20507.38886629432;1432.0401134847557;170.290741549789;3870131.0;31597587.0;3428354.0;3310301.0;15830644.0;384
385;38873606399693.44;20793.66134671963;1442.0007401773285;170.52697835359135;3878994.0;31681060.0;3446072.0;3332532.0;15979061.0;385
386;41663699732272.48;21083.93004204987;1452.0306485074573;170.76354287824898;3891063.0;31736547.0;3456886.0;3357268.0;16104869.0;386
387;44654047724130.15;21378.25073736626;1462.130320367041;171.00043557839456;3904899.0;31780376.0;3468617.0;3381597.0;16212751.0;387
388;47859023345551.664;21676.679996480692;1472.3002409998;171.2376569092914;3920945.0;31838922.0;3468617.0;3400532.0;16305752.0;388
389;51294031164667.25;21979.2751728065;1482.5408990245935;171.47520732683432;3935703.0;31901362.0;3468617.0;3416822.0;16353495.0;389
390;54975581388800.0;22286.094420380774;1492.8527864588918;171.71308728755074;3949517.0;31965709.0;3488469.0;3425982.0;16471940.0;390
391;58921369220020.03;22597.19670504077;1503.2363987424192;171.9512972486013;3962674.0;32032428.0;3496134.0;3433516.0;16583220.0;391
392;63150359906320.3;22912.64181575609;1513.6922347609534;172.1898376677808;3971114.0;32095323.0;3504799.0;3451550.0;16674045.0;392
393;67682879897209.74;23232.490376119324;1524.2207968702999;172.42870900351917;3981512.0;32150295.0;3514942.0;3473503.0;16755055.0;393
394;72540714541860.62;23556.8038559968;1534.822590920423;172.66791171488237;3994894.0;32185064.0;3524077.0;3491988.0;16830469.0;394
395;77747212799386.88;23885.644583342277;1545.4981262797533;172.90744626157303;4009208.0;32227351.0;3524077.0;3507673.0;16895194.0;395
396;83327399464544.95;24219.075756175254;1556.2479158596568;173.14731310393168;4022653.0;32279633.0;3524077.0;3520329.0;16929564.0;396
397;89308095448260.3;24557.161454726775;1567.0724761390834;173.38751270293733;4035617.0;32334819.0;3540430.0;3527251.0;17009865.0;397
398;95718046691103.33;24899.96665375451;1577.9723271893747;173.6280455202086;4044762.0;32393645.0;3544945.0;3533376.0;17086626.0;398
399;102588062329334.5;25247.557235030003;1588.9479926992576;173.86891201800435;4050708.0;32451748.0;3551262.0;3548285.0;17086626.0;399
400;109951162777600.0;25600.0;1600.0;174.11011265922482;4059821.0;32500524.0;3559222.0;3565704.0;17194616.0;400
401;117842738440040.06;25957.36268262474;1611.1288800907498;174.35164790741246;4070400.0;32531080.0;3567408.0;3577040.0;17237878.0;401
402;126300719812640.6;26319.713962395286;1622.3351676640461;174.59351822675256;4082198.0;32575702.0;3567408.0;3584934.0;17275649.0;402
403;135365759794419.48;26687.12347753272;1633.6194011315094;174.83572408207465;4092747.0;32618597.0;3567408.0;3593434.0;17295733.0;403
404;145081429083721.25;27059.66183837134;1644.9821226497065;175.0782659388528;4102921.0;32664640.0;3581392.0;3598846.0;17346753.0;404
405;155494425598773.75;27437.4006409291;1656.4238781462038;175.32114426320703;4111210.0;32710819.0;3586333.0;3603055.0;17395791.0;405
406;166654798929089.9;27820.412480667073;1667.945217345794;175.56435952190387;4116287.0;32759234.0;3592751.0;3614095.0;17438068.0;406
407;178616190896520.6;28208.770966441243;1679.5466937969081;175.8079121823574;4123230.0;32794889.0;3598452.0;3626393.0;17464782.0;407
408;191436093382206.66;28602.550734648834;1691.2288648982087;176.05180271263018;4131078.0;32817759.0;3604799.0;3635162.0;17504334.0;408
409;205176124658669.0;29001.827463572437;1702.9922919253756;176.29603158143402;4139160.0;32850135.0;3604799.0;3642244.0;17544398.0;409
410;219902325555200.0;29406.67788792408;1714.8375400580687;176.54059925813098;4146722.0;32885613.0;3604799.0;3648958.0;;410
411;235685476880080.12;29817.17981359248;1726.765178407084;176.78550621273422;4153374.0;32921764.0;3615860.0;3651640.0;;411
412;252601439625281.2;30233.412132595982;1738.7757800416932;177.030752915909;4159122.0;32960500.0;3619848.0;3653551.0;;412
413;270731519588838.97;30655.454838244572;1750.8699220171832;177.27633983897346;4162576.0;33002717.0;3625928.0;3656177.0;;413
414;290162858167442.5;31083.389040513186;1763.0481854025768;177.52226745389956;4167025.0;33033474.0;3631661.0;3662490.0;;414
415;310988851197547.5;31517.296981629876;1775.3111553085525;177.76853623331402;4172525.0;33051166.0;3636453.0;3669870.0;;415
416;333309597858179.8;31957.26205188127;1787.6594209155521;178.01514665049928;4178261.0;33076409.0;3636453.0;3675296.0;;416
417;357232381793041.2;32403.368805639162;1800.093575502095;178.26209917939423;4183476.0;33105324.0;3636453.0;3679148.0;;417
418;382872186764413.3;32855.70297761033;1812.6142164732773;178.50939429459532;4188190.0;33134929.0;3647520.0;3681126.0;;418
419;410352249317338.0;33314.35149931352;1825.2219453894782;178.75703247135738;4192183.0;33165146.0;3652879.0;3682911.0;;419
420;439804651110400.0;33779.4025157861;1837.9173679952562;179.0050141855945;4194672.0;33193971.0;3657886.0;3687828.0;;420
421;471370953760160.25;34250.94540252447;1850.7010942484599;179.25333991388098;4197892.0;33215184.0;3663176.0;3692468.0;;421
422;505202879250562.4;34729.07078266038;1863.5737383495289;179.50201013345227;4201827.0;33228968.0;3668658.0;3695633.0;;422
423;541463039177677.94;35213.87054437746;1876.535918771007;179.75102532220595;4205970.0;33250840.0;3668658.0;3697927.0;;423
424;580325716334885.0;35705.43785857039;1889.588258287249;180.00038595870242;4209707.0;33275430.0;3668658.0;3700367.0;;424
425;621977702395095.0;36203.867196751235;1902.7313840043537;180.25009252216603;4213055.0;33300026.0;3678390.0;3701484.0;;425
426;666619195716359.6;36709.25434920517;1915.9659273902857;180.500145492486;4216003.0;33326868.0;3682778.0;3702688.0;;426
427;714464763586082.4;37221.69644339993;1929.292524305216;180.75054535021718;4217821.0;33349110.0;3687762.0;3705942.0;;427
428;765744373528826.6;37741.291962652205;1942.7118150320753;181.00129257658108;4220304.0;33362421.0;3693012.0;3709129.0;;428
429;820704498634676.0;38268.14076505443;1956.2244443073098;181.25238765346688;4223200.0;33369775.0;3697981.0;3711569.0;;429
430;879609302220800.0;38802.34410266618;1969.8310613518656;181.5038310634322;4225163.0;33376050.0;3697981.0;3713480.0;;430
431;942741907520320.5;39344.00464097309;1983.532319902378;181.755623289704;4227719.0;33396903.0;3697981.0;3714969.0;;431
432;1010405758501124.8;39893.22647861761;1997.3288782425793;182.00776481617982;4230153.0;33413615.0;3707523.0;3715518.0;;432
433;1082926078355355.9;40450.11516740491;2011.2213992349255;182.2602561274283;4232428.0;33432011.0;3711027.0;3716170.0;;433
434;1160651432669770.0;41014.77773258864;2025.2105503524476;182.51309770869037;4233698.0;33449876.0;3715454.0;3717625.0;;434
435;1243955404790190.0;41587.32269343924;2039.297003710819;182.7662900458801;4235592.0;33465480.0;3729458.0;3718955.0;;435
436;1333238391432719.2;42167.86008409976;2053.481436100647;183.01983362558568;4237790.0;33471496.0;3733600.0;3720031.0;;436
437;1428929527172164.8;42756.50147473252;2067.7645290199875;183.27372893507027;4239868.0;33485566.0;3733600.0;3721139.0;;437
438;1531488747057653.2;43353.359992961385;2082.1469687070935;183.52797646227302;4241760.0;33498605.0;3733600.0;3721981.0;;438
439;1641408997269352.0;43958.55034561297;2096.6294461733805;183.78257669580998;4243482.0;33517170.0;3741767.0;3722327.0;;439
440;1759218604441600.0;44572.18884076158;2111.2126572366315;184.037530124975;4244872.0;33531951.0;3745199.0;3722782.0;;440
441;1885483815040641.0;45194.39341008154;2125.8973025544187;184.2928372397408;4245779.0;33557101.0;3749031.0;3723798.0;;441
442;2020811517002249.5;45825.28363151218;2140.6840876577794;184.54849853075967;4247032.0;33566261.0;3753228.0;3724806.0;;442
443;2165852156710711.8;46464.98075223862;2155.573722985104;184.8045144893647;4248432.0;33571531.0;3757442.0;3725580.0;;443
444;2321302865339540.0;47113.60771199363;2170.5669239162758;185.06088560757047;4249755.0;33583317.0;3757442.0;3726172.0;;444
445;2487910809580380.0;47771.28916668455;2185.664410807033;185.3176123780742;4250902.0;33594046.0;3757442.0;3726710.0;;445
446;2666476782865438.5;48438.15151235051;2200.86690902359;185.57469529425654;4252095.0;33605954.0;3764651.0;3726929.0;;446
447;2857859054344329.5;49114.32290945352;2216.1751489774792;185.83213485018265;4252976.0;33617717.0;3768691.0;3727333.0;;447
448;3062977494115306.5;49799.93330750905;2231.5898661606493;186.08993154060306;4253460.0;33638899.0;3773032.0;3728141.0;;448
449;3282817994538704.0;50495.114470060005;2247.1118011807957;186.34808586095463;4254294.0;33647951.0;3777539.0;3729033.0;;449
450;3518437208883200.0;51200.0;2262.741699796952;186.60659830736148;4255434.0;33652907.0;3782463.0;3729682.0;;450
451;3770967630081282.0;51914.72536524948;2278.4803129553143;186.86546937663607;4255700.0;33663461.0;3782463.0;3730353.0;;451
452;4041623034004499.0;52639.42792479057;2294.328396825323;187.12469956628001;4256451.0;33674257.0;3782463.0;3730912.0;;452
453;4331704313421423.5;53374.24695506544;2310.2867128359944;187.3842893744851;4257289.0;33686922.0;3792642.0;3731124.0;;453
454;4642605730679080.0;54119.32367674268;2326.356027712497;187.64423930013422;4258069.0;33701397.0;3799733.0;3731564.0;;454
455;4975821619160760.0;54874.8012818582;2342.5371135130003;187.90454984280237;4258456.0;33726000.0;3808960.0;3732549.0;;455
456;5332953565730877.0;55640.82496133415;2358.830747665761;188.16522150275753;4259133.0;33735369.0;3821305.0;3733519.0;;456
457;5715718108688659.0;56417.54193288249;2375.237713006479;188.42625478096176;4259909.0;33739991.0;3833868.0;3734468.0;;457
458;6125954988230613.0;57205.10146929767;2391.7587978159017;188.68765017907202;4260788.0;33753574.0;3833868.0;3735420.0;;458
459;6565635989077408.0;58003.654927144875;2408.3947958577073;188.94940819944125;4261582.0;33761051.0;3833868.0;3736165.0;;459
460;7036874417766400.0;58813.35577584816;2425.1465064166364;189.21152934511917;4262511.0;33776402.0;3866475.0;3736489.0;;460
461;7541935260162564.0;59634.35962718496;2442.0147343368953;189.47401411985354;4263317.0;33791522.0;3880612.0;3737135.0;;461
462;8083246068008998.0;60466.824265191965;2459.0002900608197;189.7368630280908;4263797.0;33821279.0;3897996.0;3738683.0;;462
463;8663408626842847.0;61310.909676489144;2476.103989667824;190.00007657497721;4264704.0;33826693.0;3915313.0;3740325.0;;463
464;9285211461358160.0;62166.77808102637;2493.3266549135988;190.26365526635985;4265714.0;33830978.0;3937192.0;3741781.0;;464
465;9951643238321520.0;63034.59396325975;2510.669113269603;190.52759960878748;4267105.0;33839880.0;3937192.0;3743389.0;;465
466;1.0665907131461754e+16;63914.52410376254;2528.132197962807;190.79191010951163;4268491.0;33862162.0;3937192.0;3744681.0;;466
467;1.1431436217377318e+16;64806.737611278324;2545.7167480157395;191.05658727648748;4269885.0;33882338.0;3971124.0;3745227.0;;467
468;1.2251909976461226e+16;65711.40595522066;2563.42360828679;191.32163161837488;4271276.0;33903203.0;4015084.0;3746410.0;;468
469;1.3131271978154816e+16;66628.70299862704;2581.253629510805;191.58704364453928;4272163.0;33950795.0;4041474.0;3748613.0;;469
470;1.40737488355328e+16;67558.8050315722;2599.2076683399537;191.85282386505287;4273693.0;33960914.0;4069162.0;3750503.0;;470
471;1.5083870520325128e+16;68501.89080504894;2617.2865873848996;192.11897279069532;4275846.0;33972661.0;4100222.0;3752592.0;;471
472;1.6166492136017996e+16;69458.14156532077;2635.4912552562337;192.38549093295495;4278319.0;34002084.0;4100222.0;3754511.0;;472
473;1.7326817253685694e+16;70427.74108875492;2653.822546606214;192.65237880402958;4281214.0;34028615.0;4100222.0;3755898.0;;473
474;1.857042292271632e+16;71410.87571714078;2672.2813421707824;192.91963691682764;4284332.0;34059740.0;4161850.0;3756856.0;;474
475;1.990328647664304e+16;72407.73439350247;2690.8685288118863;193.1872657849691;4287458.0;34091701.0;4189136.0;3758401.0;;475
476;2.1331814262923508e+16;73418.50869841034;2709.5849995600865;193.45526592278642;4289528.0;34169810.0;4219723.0;3761169.0;;476
477;2.2862872434754636e+16;74443.39288679986;2728.4316536574606;193.72363784532553;4293083.0;34183912.0;4249258.0;3764311.0;;477
478;2.4503819952922452e+16;75482.58392530441;2747.4093966008127;193.99238206834696;4297337.0;34204241.0;4280429.0;3766765.0;;478
479;2.626254395630963e+16;76536.28153010886;2766.5191401851685;194.26149910832666;4302393.0;34253084.0;4280429.0;3769165.0;;479
480;2.81474976710656e+16;77604.68820533236;2785.7618025475967;194.5309894824571;4307535.0;34292810.0;4280429.0;3771262.0;;480
481;3.0167741040650256e+16;78688.00928194619;2805.1383082113116;194.8008537086482;4312673.0;34340546.0;4342054.0;3772109.0;;481
482;3.233298427203599e+16;79786.45295723522;2824.649588130096;195.07109230552834;4317415.0;34397072.0;4368453.0;3773875.0;;482
483;3.4653634507371388e+16;80900.23033480982;2844.296579733025;195.34170579244548;4320530.0;34517874.0;4395602.0;3777446.0;;483
484;3.714084584543264e+16;82029.55546517728;2864.0802269695114;195.61269468946787;4325046.0;34546618.0;4422291.0;3780985.0;;484
485;3.980657295328608e+16;83174.64538687847;2884.001480354656;195.88405951738537;4330739.0;34574590.0;4447044.0;3784433.0;;485
486;4.2663628525847016e+16;84335.72016819952;2904.0612970149155;196.15580079771027;4336906.0;34653962.0;4447044.0;3787639.0;;486
487;4.572574486950927e+16;85513.00294946504;2924.260640734082;196.42791905267828;4343519.0;34718965.0;4447044.0;3790766.0;;487
488;4.9007639905844904e+16;86706.71998592277;2944.6004819996;196.70041480524966;4350028.0;34792541.0;4502983.0;3791949.0;;488
489;5.252508791261926e+16;87917.10069122595;2965.081798049186;196.97328857911012;4355348.0;34865086.0;4523310.0;3794429.0;;489
490;5.62949953421312e+16;89144.37768152315;2985.7055729177846;197.24654089867184;4358533.0;35056531.0;4545184.0;3799425.0;;490
491;6.033548208130051e+16;90388.78682016308;3006.4727974848383;197.5201722890745;4363374.0;35100422.0;4566571.0;3805063.0;;491
492;6.466596854407198e+16;91650.56726302436;3027.384469521907;197.7941832761863;4369964.0;35144991.0;4588132.0;3810641.0;;492
493;6.9307269014742776e+16;92929.96150447724;3048.4415937405993;198.06857438660492;4377188.0;35253352.0;4588132.0;3816285.0;;493
494;7.428169169086528e+16;94227.21542398726;3069.645181840847;198.34334614765862;4383787.0;35351106.0;4588132.0;3821013.0;;494
495;7.961314590657216e+16;95542.5783333691;3090.9962525595065;198.61849908740717;4390684.0;35453552.0;4627770.0;3823139.0;;495
496;8.532725705169403e+16;96876.30302470102;3112.4958317193136;198.89403373464287;4396417.0;35563239.0;4643450.0;3827051.0;;496
497;9.145148973901854e+16;98228.64581890704;3134.1449522781654;199.16995061889162;4400617.0;35815135.0;4660473.0;3835375.0;;497
498;9.801527981168981e+16;99599.8666150181;3155.9446543787503;199.44625027041388;4406241.0;35878140.0;4677883.0;3843775.0;;498
499;1.0505017582523853e+17;100990.22894012001;3177.895985398515;199.7229332202058;4413162.0;35913016.0;4693540.0;3853055.0;;499
500;1.125899906842624e+17;102400.0;3200.0;200.0;4420429.0;36072803.0;4693540.0;3861147.0;;500
501;1.2067096416260102e+17;103829.45073049895;3222.2577601814996;200.27745114226693;4427827.0;36190605.0;4693540.0;3868197.0;;501
502;1.2933193708814397e+17;105278.85584958114;3244.6703353280923;200.55528718021554;4435008.0;36345057.0;4719266.0;3871865.0;;502
503;1.3861453802948555e+17;106748.49391013088;3267.238802263019;200.83350864779464;4440669.0;36489143.0;4733602.0;3877612.0;;503
504;1.4856338338173056e+17;108238.64735348536;3289.964245299413;201.11211607969364;4444338.0;36715949.0;4745558.0;3889173.0;;504
505;1.5922629181314432e+17;109749.6025637164;3312.8477562924077;201.39111001134378;4449606.0;36789016.0;4758003.0;3901799.0;;505
506;1.7065451410338806e+17;111281.6499226683;3335.890434691588;201.670490978919;4456765.0;36835804.0;4770453.0;3913828.0;;506
507;1.829029794780371e+17;112835.08386576497;3359.0933875938163;201.95025951933715;4464005.0;37030159.0;4770453.0;3924131.0;;507
508;1.9603055962337962e+17;114410.20293859534;3382.4577297964174;202.23041617026084;4471225.0;37180751.0;4770453.0;3932547.0;;508
509;2.1010035165047706e+17;116007.30985428975;3405.9845838507513;202.51096147009858;4478691.0;37348354.0;4794352.0;3937106.0;;509
510;2.251799813685248e+17;117626.71155169632;3429.6750801161375;202.79189595800582;4484613.0;37503575.0;4804424.0;3942856.0;;510
511;2.4134192832520205e+17;119268.71925436992;3453.530356814168;203.07322017388594;4488779.0;37742650.0;4815205.0;3956387.0;;511
512;2.5866387417628794e+17;120933.64853038393;3477.5515600833864;203.35493465839124;4494857.0;37834846.0;4822320.0;3970102.0;;512
513;2.772290760589711e+17;122621.81935297829;3501.7398440343663;203.63703995292414;4502396.0;37879049.0;4831809.0;3984353.0;;513
514;2.971267667634611e+17;124333.55616205274;3526.0963708051536;203.9195365996381;4509611.0;38087274.0;4831809.0;3995188.0;;514
515;3.1845258362628864e+17;126069.1879265195;3550.622310617105;204.20242514143868;4517434.0;38241736.0;4831809.0;4005641.0;;515
516;3.413090282067761e+17;127829.04820752508;3575.3188418311042;204.48570612198446;4524292.0;38420719.0;4847298.0;4010390.0;;516
517;3.658059589560742e+17;129613.47522255665;3600.18715100419;204.76938008568845;4530246.0;38604490.0;4855065.0;4017116.0;;517
518;3.9206111924675923e+17;131422.81191044132;3625.2284329465547;205.05344757771877;4534499.0;38843162.0;4861883.0;4030681.0;;518
519;4.202007033009541e+17;133257.40599725407;3650.4438907789563;205.33790914399978;4539991.0;38922051.0;4871444.0;4046112.0;;519
520;4.503599627370496e+17;135117.6100631444;3675.8347359905124;205.62276533121332;4546487.0;38974063.0;4877755.0;4059081.0;;520
521;4.826838566504041e+17;137003.78161009788;3701.4021884969197;205.90801668679944;4553241.0;39203277.0;4877755.0;4070295.0;;521
522;5.173277483525759e+17;138916.28313064153;3727.1474766990577;206.19366375895777;4559970.0;39383238.0;4877755.0;4077640.0;;522
523;5.544581521179422e+17;140855.48217750984;3753.071837542014;206.47970709664838;4566126.0;39573756.0;4887112.0;4083151.0;;523
524;5.942535335269222e+17;142821.75143428156;3779.176516574498;206.76614724959288;4571440.0;39752892.0;4892640.0;4089476.0;;524
525;6.369051672525773e+17;144815.46878700494;3805.4627680087074;207.0529847682755;4574787.0;39988336.0;4898258.0;4101931.0;;525
526;6.826180564135523e+17;146837.01739682068;3831.9318547805715;207.34022020394417;4579502.0;40074244.0;4903021.0;4114856.0;;526
527;7.316119179121484e+17;148886.78577359972;3858.585048610432;207.62785410861144;4585423.0;40137749.0;4907461.0;4125878.0;;527
528;7.841222384935185e+17;150965.16785060882;3885.4236300641505;207.91588703505573;4590941.0;40231491.0;4907461.0;4134779.0;;528
529;8.404014066019082e+17;153072.5630602177;3912.4488886146196;208.2043195368223;4596558.0;40440659.0;4907461.0;4142116.0;;529
530;9.007199254740992e+17;155209.37641066473;3939.6621227037313;208.49315216822427;4601749.0;40617585.0;4915265.0;4145852.0;;530
531;9.653677133008082e+17;157376.01856389237;3967.064639804756;208.7823854843438;4606413.0;40784004.0;4918526.0;4150516.0;;531
532;1.0346554967051517e+18;159572.90591447044;3994.6577564851586;209.07202004103297;4609205.0;41026016.0;4922249.0;4160970.0;;532
533;1.1089163042358844e+18;161800.46066961964;4022.442798469851;209.3620563949152;4613214.0;41115147.0;4926324.0;4171666.0;;533
534;1.1885070670538445e+18;164059.11093035457;4050.4211007048953;209.65249510338575;4618040.0;41163499.0;4929546.0;4181393.0;;534
535;1.2738103345051546e+18;166349.29077375695;4078.594007421638;209.94333672461346;4623155.0;41374278.0;4929546.0;4188604.0;;535
536;1.3652361128271045e+18;168671.44033639904;4106.962872201294;210.23458181754134;4627699.0;41519682.0;4929546.0;4196378.0;;536
537;1.4632238358242967e+18;171026.00589893007;4135.529058039975;210.52623094188775;4632275.0;41692935.0;4935534.0;4199400.0;;537
538;1.568244476987037e+18;173413.43997184554;4164.293937414187;210.81828465814758;4636111.0;41851714.0;4937984.0;4203571.0;;538
539;1.6808028132038164e+18;175834.2013824519;4193.258892346761;211.11074352759337;4638516.0;42062577.0;4940824.0;4215351.0;;539
540;1.8014398509481984e+18;178288.7553630463;4222.425314473263;211.4036081122761;4641890.0;42137550.0;4943855.0;4227501.0;;540
541;1.9307354266016164e+18;180777.57364032615;4251.7946051088375;211.69687897502655;4645853.0;42182422.0;4946601.0;4237619.0;;541
542;2.0693109934103035e+18;183301.13452604873;4281.368175315559;211.99055667945638;4649906.0;42354226.0;4946601.0;4246136.0;;542
543;2.2178326084717688e+18;185859.92300895447;4311.147445970208;212.28464178995893;4653696.0;42475964.0;4946601.0;4252300.0;;543
544;2.377014134107689e+18;188454.43084797452;4341.1338478325515;212.57913487171066;4657215.0;42607315.0;4951640.0;4255388.0;;544
545;2.547620669010309e+18;191085.1566667382;4371.328821614066;212.874036490672;4660314.0;42736482.0;4953930.0;4260187.0;;545
546;2.730472225654209e+18;193752.60604940203;4401.73381804718;213.16934721358848;4662087.0;42911248.0;4956691.0;4271734.0;;546
547;2.9264476716485934e+18;196457.29163781408;4432.3502979549585;213.465067607992;4665049.0;42971743.0;4959091.0;4283378.0;;547
548;3.136488953974074e+18;199199.7332300362;4463.179732321299;213.76119824220163;4668261.0;43026060.0;4961128.0;4293807.0;;548
549;3.361605626407633e+18;201980.45788024002;4494.2236023615915;214.0577396853248;4672355.0;43182007.0;4961128.0;4302661.0;;549
550;3.602879701896397e+18;204800.0;4525.483399593904;214.35469250725862;4675758.0;43294759.0;4961128.0;4310273.0;;550
551;3.861470853203233e+18;207658.9014609979;4556.960625910629;214.6520572786907;4679067.0;43416148.0;4965399.0;4313384.0;;551
552;4.138621986820607e+18;210557.7116991623;4588.656793650646;214.9498345711003;4682034.0;43526534.0;4967200.0;4318355.0;;552
553;4.4356652169435377e+18;213496.98782026177;4620.573425671989;215.24802495675942;4683646.0;43681364.0;4969503.0;4330258.0;;553
554;4.754028268215378e+18;216477.29470697072;4652.712055424994;215.5466290087342;4686109.0;43729568.0;4971310.0;4342640.0;;554
555;5.095241338020618e+18;219499.2051274328;4685.074227026001;215.84564730088545;4689341.0;43774347.0;4973619.0;4354158.0;;555
556;5.460944451308418e+18;222563.2998453366;4717.661495331522;216.1450804078703;4692274.0;43917262.0;4973619.0;4365107.0;;556
557;5.852895343297187e+18;225670.16773152995;4750.475426012958;216.44492890514297;4695291.0;44012495.0;4973619.0;4373789.0;;557
558;6.272977907948148e+18;228820.40587719067;4783.5175956318035;216.74519336895605;4698038.0;44124669.0;4977448.0;4377845.0;;558
559;6.723211252815266e+18;232014.6197085795;4816.789591715415;217.04587437636144;4700316.0;44226197.0;4977448.0;4384616.0;;559
560;7.205759403792794e+18;235253.42310339265;4850.293012833273;217.34697250521165;4701832.0;44357613.0;4980206.0;4401631.0;;560
561;7.722941706406466e+18;238537.43850873984;4884.029468673791;217.64848833416076;4704318.0;44396440.0;4982138.0;4417708.0;;561
562;8.277243973641214e+18;241867.29706076786;4918.000580121639;217.95042244266565;4707087.0;44436110.0;4984386.0;4437280.0;;562
563;8.871330433887075e+18;245243.63870595657;4952.207979335648;218.252775410987;4709753.0;44532173.0;4984386.0;4452425.0;;563
564;9.508056536430756e+18;248667.1123241055;4986.6533098271975;218.55554782019047;4712482.0;44642779.0;4984386.0;4466157.0;;564
565;1.0190482676041236e+19;252138.375853039;5021.338226539206;218.8587402521479;4715464.0;44751242.0;4988878.0;4472730.0;;565
566;1.0921888902616836e+19;255658.09641505015;5056.264395925614;219.16235328953815;4717899.0;44838188.0;4990767.0;4483203.0;;566
567;1.1705790686594374e+19;259226.9504451133;5091.433496031479;219.4663875158486;4719493.0;44947669.0;4993295.0;4506415.0;;567
568;1.2545955815896295e+19;262845.62382088264;5126.84721657358;219.77084351537593;4722188.0;44987453.0;4995176.0;4534452.0;;568
569;1.3446422505630532e+19;266514.81199450814;5162.50725902161;220.07572187322745;4725887.0;45019110.0;4997732.0;4559120.0;;569
570;1.4411518807585587e+19;270235.2201262888;5198.415336679907;220.38102317532213;4729678.0;45118061.0;4997732.0;4580663.0;;570
571;1.5445883412812931e+19;274007.56322019576;5234.573174769799;220.68674800839182;4733557.0;45199978.0;4997732.0;4597550.0;;571
572;1.6554487947282428e+19;277832.56626128306;5270.982510512467;220.99289695998232;4737462.0;45291598.0;5002217.0;4607208.0;;572
573;1.774266086777415e+19;281710.9643550197;5307.645093212428;221.29947061845442;4741185.0;45369682.0;5004143.0;4618021.0;;573
574;1.901611307286151e+19;285643.5028685631;5344.562684341565;221.6064695729852;4743720.0;45465634.0;5006675.0;4638419.0;;574
575;2.0380965352082473e+19;289630.9375740099;5381.737057623773;221.91389441356898;4747773.0;45498054.0;5008887.0;4672368.0;;575
576;2.1843777805233672e+19;293674.03479364136;5419.169999120173;222.22174573101873;4752368.0;45517224.0;5011148.0;4709488.0;;576
577;2.3411581373188747e+19;297773.57154719945;5456.863307314921;222.5300241169668;4757231.0;45629796.0;5011148.0;4743490.0;;577
578;2.509191163179259e+19;301930.33570121764;5494.818793201625;222.83873016386644;4762563.0;45696453.0;5011148.0;4767033.0;;578
579;2.6892845011261063e+19;306145.1261204354;5533.038280370337;223.1478644649928;4767440.0;45799015.0;5011148.0;4782546.0;;579
580;2.8823037615171174e+19;310418.75282132946;5571.5236050951935;223.45742761444396;4771965.0;45874110.0;5016968.0;4804378.0;;580
581;3.0891766825625862e+19;314752.03712778474;5610.276616422623;223.76742020714224;4774783.0;45969216.0;5019255.0;4844054.0;;581
582;3.3108975894564856e+19;319145.8118289409;5649.299176260192;224.0778428388352;4777614.0;46003511.0;5022546.0;4894250.0;;582
583;3.54853217355483e+19;323600.9213392393;5688.59315946605;224.3886961060969;4782802.0;46035837.0;5025639.0;4942890.0;;583
584;3.803222614572302e+19;328118.22186070913;5728.160453939023;224.69998060632895;4788704.0;46149089.0;5025639.0;4987971.0;;584
585;4.076193070416495e+19;332698.5815475139;5768.002960709312;225.01169693776188;4795465.0;46217836.0;5025639.0;5021469.0;;585
586;4.3687555610467344e+19;337342.8806727981;5808.122594029831;225.32384569945586;4802225.0;46303430.0;5032056.0;5045076.0;;586
587;4.6823162746377495e+19;342052.01179786015;5848.521281468164;225.63642749130227;4808047.0;46384868.0;5032056.0;5077124.0;;587
588;5.018382326358518e+19;346826.8799436911;5889.2009639992;225.9494429140247;4812594.0;46481725.0;5038517.0;5129950.0;;588
589;5.378569002252213e+19;351668.4027649038;5930.163596098372;226.26289256918005;4818705.0;46516587.0;5042803.0;5195321.0;;589
590;5.764607523034235e+19;356577.5107260926;5971.411145835569;226.5767770591597;4826738.0;46553415.0;5047156.0;5248291.0;;590
591;6.1783533651251724e+19;361555.1472806523;6012.945594969677;226.89109698719082;4835435.0;46664163.0;5047156.0;5312215.0;;591
592;6.621795178912971e+19;366602.26905209746;6054.768939043814;227.20585295733727;4843957.0;46742524.0;5047156.0;5354942.0;;592
593;7.09706434710966e+19;371719.84601790895;6096.883187481199;227.52104557450093;4852496.0;46837594.0;5056954.0;5385585.0;;593
594;7.606445229144605e+19;376908.86169594905;6139.290363681694;227.83667544442298;4860061.0;46895238.0;5061045.0;5430911.0;;594
595;8.15238614083299e+19;382170.3133334764;6181.992505119013;228.1527431736847;4865260.0;47038748.0;5067712.0;5497795.0;;595
596;8.737511122093469e+19;387505.21209880407;6224.991663438627;228.46924936970905;4873075.0;47082700.0;5074027.0;5573756.0;;596
597;9.364632549275499e+19;392914.58327562816;6268.289904556331;228.7861946407615;4883242.0;47114612.0;5080663.0;5650170.0;;597
598;1.0036764652717036e+20;398399.4664600724;6311.889308757501;229.10357959595137;4893887.0;47248648.0;5080663.0;5717295.0;;598
599;1.0757138004504425e+20;403960.91576048004;6355.79197079703;229.42140484523304;4904441.0;47335919.0;5080663.0;5761696.0;;599
600;1.152921504606847e+20;409600.0;6400.0;229.73967099940697;4915981.0;47448766.0;5096538.0;5791060.0;;600
601;1.2356706730250345e+20;415317.8029219958;6444.515520362999;230.05837867012104;4925688.0;47558594.0;5103315.0;5836813.0;;601
602;1.3243590357825942e+20;421115.4233983246;6489.340670656185;230.37752846987152;4932091.0;47685469.0;5111842.0;5903999.0;;602
603;1.419412869421932e+20;426993.97564052354;6534.477604526038;230.6971210120045;4942135.0;47730830.0;5121100.0;5977208.0;;603
604;1.521289045828921e+20;432954.58941394143;6579.928490598826;231.0171569107168;4954585.0;47770662.0;5131012.0;6051560.0;;604
605;1.630477228166598e+20;438998.4102548656;6625.695512584815;231.33763678105748;4968341.0;47915277.0;5131012.0;6116070.0;;605
606;1.7475022244186938e+20;445126.5996906732;6671.780869383176;231.65856123892863;4982022.0;48006622.0;5131012.0;6158125.0;;606
607;1.8729265098550998e+20;451340.3354630599;6718.1867751876325;231.97993090108687;4994891.0;48118202.0;5153923.0;6185961.0;;607
608;2.0073529305434073e+20;457640.81175438134;6764.915459592835;232.3017463851444;5007818.0;48157521.0;5164184.0;6222020.0;;608
609;2.151427600900885e+20;464029.239417159;6811.969167701503;232.62400830957017;5015790.0;48210942.0;5174720.0;6291621.0;;609
610;2.305843009213694e+20;470506.8462067853;6859.350160232275;232.94671729369117;5028547.0;48237480.0;5189220.0;6362232.0;;610
611;2.471341346050069e+20;477074.8770174797;6907.060713628336;233.26987395769345;5043620.0;48280629.0;5202958.0;6423520.0;;611
612;2.6487180715651885e+20;483734.5941215357;6955.103120166773;233.59347892262355;5060430.0;48466921.0;5202958.0;6477217.0;;612
613;2.838825738843864e+20;490487.27741191315;7003.479688068733;233.91753281038947;5077445.0;48584027.0;5202958.0;6509863.0;;613
614;3.042578091657842e+20;497334.224648211;7052.192741610307;234.24203624376196;5094072.0;48721141.0;5202958.0;6531606.0;;614
615;3.260954456333196e+20;504276.751706078;7101.24462123421;234.56698984637575;5109082.0;48859993.0;5246766.0;6562429.0;;615
616;3.4950044488373876e+20;511316.1928301003;7150.6376836622085;234.8923942427307;5118576.0;49018605.0;5246766.0;6613730.0;;616
617;3.7458530197101996e+20;518453.9008902266;7200.37430200838;235.21825005819298;5134318.0;49084946.0;5273178.0;6670407.0;;617
618;4.0147058610868145e+20;525691.2476417653;7250.456865893109;235.5445579189963;5152264.0;49140130.0;5290273.0;6721375.0;;618
619;4.30285520180177e+20;533029.6239890163;7300.887781557913;235.87131845224317;5164780.0;49317816.0;5290190.0;6764188.0;;619
620;4.611686018427388e+20;540470.4402525777;7351.669471981025;236.19853228590605;5185270.0;49431076.0;5290190.0;6793536.0;;620
621;4.942682692100138e+20;548015.1264403915;7402.8043769938395;236.52620004882854;5206305.0;49580988.0;5339992.0;6809622.0;;621
622;5.297436143130377e+20;555665.1325225661;7454.2949533981155;236.85432237072655;5225517.0;49705518.0;5366128.0;6833050.0;;622
623;5.677651477687728e+20;563421.9287100394;7506.143675084028;237.18289988218956;5238221.0;49863728.0;5393268.0;6878709.0;;623
624;6.085156183315684e+20;571287.0057371262;7558.353033148996;237.51193321468205;5258886.0;49920316.0;5422168.0;6923636.0;;624
625;6.521908912666391e+20;579261.8751480198;7610.925536017415;237.8414230005442;5282076.0;49972625.0;5455527.0;6959067.0;;625
626;6.990008897674775e+20;587348.0695872827;7663.863709561143;238.17136987299367;5308180.0;50158111.0;5455527.0;6981281.0;;626
627;7.491706039420399e+20;595547.1430943989;7717.170097220864;238.50177446612634;5336795.0;50270931.0;5455527.0;6991381.0;;627
628;8.029411722173629e+20;603860.6714024353;7770.847260128301;238.83263741491788;5364852.0;50416777.0;5535231.0;7005289.0;;628
629;8.60571040360354e+20;612290.2522408708;7824.897777229239;239.16395935522482;5389155.0;50558508.0;5585054.0;7026369.0;;629
630;9.223372036854776e+20;620837.5056426589;7879.3242454074625;239.49574092378572;5405360.0;50751164.0;5645095.0;7066412.0;;630
631;9.885365384200276e+20;629504.0742555695;7934.129279609512;239.82798275822256;5436143.0;50830924.0;5718007.0;7109182.0;;631
632;1.0594872286260754e+21;638291.6236578817;7989.315512970317;240.16068549704173;5472469.0;50920124.0;5718007.0;7150422.0;;632
633;1.1355302955375456e+21;647201.8426784786;8044.885596939702;240.49384977963553;5517054.0;51160166.0;5718007.0;7176814.0;;633
634;1.2170312366631367e+21;656236.4437214183;8100.8422014097905;240.82747624628317;5567644.0;51339581.0;5718007.0;7189329.0;;634
635;1.3043817825332783e+21;665397.1630950278;8157.188014843276;241.1615655381521;5622431.0;51583323.0;5932626.0;7207847.0;;635
636;1.398001779534955e+21;674685.7613455962;8213.925744402588;241.49611829729926;5647313.0;51853085.0;6032297.0;7238408.0;;636
637;1.4983412078840798e+21;684104.0235957203;8271.05811607995;241.83113516667228;5678112.0;52101608.0;6133057.0;7297320.0;;637
638;1.6058823444347258e+21;693653.7598873822;8328.587874828374;242.16661679011077;5756412.0;52188263.0;6294745.0;7361660.0;;638
639;1.721142080720708e+21;703336.8055298076;8386.517784693522;242.50256381234743;5854428.0;52366649.0;6294745.0;7417995.0;;639
640;1.8446744073709552e+21;713155.0214521852;8444.850628946526;242.8389768790094;5981428.0;52867219.0;6294745.0;7473884.0;;640
641;1.9770730768400455e+21;723110.2945613046;8503.589210217675;243.17585663661941;6125683.0;53229255.0;6294745.0;7510436.0;;641
642;2.1189744572521508e+21;733204.5381041949;8562.736350631118;243.51320373259725;6266939.0;53731367.0;6667511.0;7535691.0;;642
643;2.2710605910750913e+21;743439.6920358179;8622.294891940415;243.85101881526063;6328076.0;54322064.0;6785286.0;7581381.0;;643
644;2.4340624733262856e+21;753817.7233918981;8682.267695665103;244.18930253382686;6396110.0;54835685.0;6922466.0;7661811.0;;644
645;2.6087635650665565e+21;764340.6266669529;8742.657643228133;244.52805553841372;6566947.0;55024448.0;6922466.0;7743228.0;;645
646;2.796003559069897e+21;775010.4241976081;8803.46763609436;244.86727848004088;6756035.0;55310405.0;7164906.0;7835451.0;;646
647;2.9966824157681596e+21;785829.1665512563;8864.700595909917;245.20697201063126;6975465.0;56355361.0;7164906.0;7913473.0;;647
648;3.2117646888694516e+21;796798.9329201448;8926.359464642597;245.54713678301206;7083762.0;57167584.0;7164906.0;7965977.0;;648
649;3.442284161441433e+21;807921.8315209601;8988.447204723183;245.88777345091617;7281297.0;57830190.0;7457300.0;8000122.0;;649
650;3.6893488147419103e+21;819200.0;9050.966799187809;246.22888266898326;7436939.0;58665223.0;7592242.0;8074527.0;;650
651;3.954146153680091e+21;830635.6058439916;9113.921251821257;246.57046509276134;7554344.0;59534979.0;7771367.0;8186850.0;;651
652;4.2379489145043015e+21;842230.8467966492;9177.313587301293;246.9125213787077;7774863.0;59932672.0;7930528.0;8320386.0;;652
653;4.5421211821501826e+21;853987.9512810471;9241.146851343978;247.2550521841903;7971068.0;60417703.0;8093036.0;8460546.0;;653
654;4.868124946652571e+21;865909.1788278829;9305.424110849988;247.5980581674891;8155645.0;61801616.0;8093036.0;8596007.0;;654
655;5.217527130133113e+21;877996.8205097312;9370.148454052001;247.94153998779734;8356514.0;62589010.0;8093036.0;8681447.0;;655
656;5.592007118139794e+21;890253.1993813463;9435.322990663044;248.28549830522246;8549450.0;63437652.0;8424503.0;8744840.0;;656
657;5.993364831536319e+21;902680.6709261198;9500.950852025917;248.62993378078792;8706915.0;64298999.0;8518975.0;8871795.0;;657
658;6.423529377738903e+21;915281.6235087627;9567.035191263607;248.97484707643406;8790302.0;65179067.0;8676916.0;9035795.0;;658
659;6.884568322882866e+21;928058.478834318;9633.57918343083;249.32023885501948;9018425.0;65587392.0;8834363.0;9238931.0;;659
660;7.378697629483821e+21;941013.6924135706;9700.586025666546;249.6661097803224;9219391.0;66067198.0;8975458.0;9429079.0;;660
661;7.908292307360182e+21;954149.7540349594;9768.058937347581;250.01246051704183;9418256.0;66742339.0;8975458.0;9618245.0;;661
662;8.475897829008603e+21;967469.1882430714;9836.001160243279;250.3592917307989;9603856.0;67871860.0;8975458.0;9737215.0;;662
663;9.084242364300365e+21;980974.5548238263;9904.415958671296;250.7066040881381;9781191.0;68779993.0;9280890.0;9815533.0;;663
664;9.736249893305142e+21;994668.449296422;9973.306619654395;251.05439825652866;9923678.0;69512599.0;9395767.0;9978146.0;;664
665;1.0435054260266226e+22;1008553.503412156;10042.676453078411;251.40267490436568;10001344.0;70353700.0;9529320.0;10186644.0;;665
666;1.1184014236279588e+22;1022632.3856602006;10112.528791851228;251.75143470097154;10212621.0;70656216.0;9660208.0;10422764.0;;666
667;1.1986729663072639e+22;1036907.8017804532;10182.866992062958;252.10067831659714;10383561.0;71021670.0;9779130.0;10671602.0;;667
668;1.2847058755477807e+22;1051382.4952835306;10253.69443314716;252.45040642242316;10539601.0;71943834.0;9779130.0;10889417.0;;668
669;1.3769136645765731e+22;1066059.2479780326;10325.01451804322;252.80061969056135;10683948.0;72436931.0;9779130.0;11022590.0;;669
670;1.4757395258967641e+22;1080940.8805051553;10396.830673359815;253.15131879405598;10821375.0;73061000.0;9961253.0;11117857.0;;670
671;1.5816584614720364e+22;1096030.252880783;10469.146349539598;253.5025044068849;10925485.0;73567263.0;10039126.0;11287428.0;;671
672;1.6951795658017206e+22;1111330.2650451323;10541.965021024935;253.854177203961;10983116.0;74181343.0;10125348.0;11521678.0;;672
673;1.816848472860073e+22;1126843.8574200787;10615.290186424856;254.2063378611333;11116422.0;74359970.0;10199716.0;11769540.0;;673
674;1.9472499786610284e+22;1142574.0114742524;10689.12536868313;254.55898705518857;11235745.0;74557934.0;10199716.0;12009712.0;;674
675;2.0870108520532452e+22;1158523.7502960395;10763.474115247545;254.91212546385245;11348701.0;75100179.0;10199716.0;12219501.0;;675
676;2.2368028472559175e+22;1174696.1391745654;10838.339998240346;255.2657537657906;11449601.0;75425593.0;10199716.0;12344661.0;;676
677;2.3973459326145277e+22;1191094.2861887978;10913.726614629843;255.6198726406103;11542793.0;75755134.0;10395471.0;12421126.0;;677
678;2.5694117510955613e+22;1207721.3428048706;10989.63758640325;255.9744827688616;11621736.0;76029946.0;10439302.0;12580343.0;;678
679;2.7538273291531463e+22;1224580.5044817417;11066.076560740674;256.3295848320386;11663338.0;76384918.0;10502141.0;12800315.0;;679
680;2.9514790517935283e+22;1241675.0112853178;11143.047210190387;256.6851795125809;11765767.0;76471349.0;10555196.0;13035941.0;;680
681;3.1633169229440728e+22;1259008.148511139;11220.553232845246;257.0412674938746;11847436.0;76554826.0;10604200.0;13255989.0;;681
682;3.3903591316034412e+22;1276583.2473157635;11298.598352520385;257.3978494602541;11923631.0;76901267.0;10604200.0;13445094.0;;682
683;3.633696945720146e+22;1294403.6853569571;11377.1863189321;257.75492609700314;11991109.0;77115639.0;10604200.0;13563126.0;;683
684;3.894499957322057e+22;1312472.8874428365;11456.320907878046;258.1124980903558;12053330.0;77304046.0;10672906.0;13636993.0;;684
685;4.1740217041064905e+22;1330794.3261900556;11536.005921418624;258.47056612749844;12105675.0;77475459.0;10707286.0;13762895.0;;685
686;4.473605694511835e+22;1349371.5226911923;11616.245188059662;258.8291308965707;12134451.0;77684778.0;10744394.0;13971947.0;;686
687;4.7946918652290554e+22;1368208.0471914406;11697.042562936327;259.18819308666673;12205474.0;77736645.0;10778607.0;14188269.0;;687
688;5.138823502191123e+22;1387307.5197747643;11778.4019279984;259.5477533878367;12265343.0;77794966.0;10809222.0;14399012.0;;688
689;5.5076546583062926e+22;1406673.6110596152;11860.327192196744;259.907812491088;12323398.0;77965147.0;10809222.0;14574845.0;;689
690;5.9029581035870565e+22;1426310.0429043705;11942.822291671138;260.2683710883867;12377098.0;78076319.0;10809222.0;14682758.0;;690
691;6.3266338458881455e+22;1446220.5891226092;12025.891189939353;260.6294298726588;12427773.0;78191136.0;10858000.0;14745107.0;;691
692;6.7807182632068825e+22;1466409.0762083898;12109.537878087627;260.9909895377915;12469975.0;78292827.0;10880193.0;14867218.0;;692
693;7.267393891440292e+22;1486879.3840716358;12193.766374962397;261.35305077863467;12494459.0;78437997.0;10914105.0;15053624.0;;693
694;7.788999914644114e+22;1507635.4467837962;12278.580727363387;261.71561429100205;12554596.0;78469403.0;10949997.0;15264297.0;;694
695;8.348043408212981e+22;1528681.2533339057;12363.985010238026;262.0786807716726;12603758.0;78492408.0;10977524.0;15481890.0;;695
696;8.94721138902367e+22;1550020.8483952163;12449.983326877255;262.4422509183922;12651251.0;78575298.0;10977524.0;15674100.0;;696
697;9.589383730458111e+22;1571658.3331025126;12536.579809112662;262.80632542987416;12693320.0;78664633.0;10977524.0;15790989.0;;697
698;1.0277647004382245e+23;1593597.8658402895;12623.778617515001;263.1709050058016;12732680.0;78749771.0;10977524.0;15869417.0;;698
699;1.1015309316612585e+23;1615843.6630419202;12711.58394159406;263.535990346828;12764558.0;78816843.0;11036085.0;16026216.0;;699
700;1.1805916207174113e+23;1638400.0;12800.0;263.9015821545788;12782836.0;78891215.0;11054888.0;16242070.0;;700
701;1.2653267691776291e+23;1661271.2116879832;12889.031040725999;264.267681131653;12829972.0;78938627.0;11078028.0;16504822.0;;701
702;1.3561436526413765e+23;1684461.6935932983;12978.68134131237;264.634287981624;12867918.0;78956847.0;11100428.0;16757658.0;;702
703;1.4534787782880584e+23;1707975.9025620942;13068.955209052076;265.0014034090415;12910506.0;79055765.0;11100428.0;16994744.0;;703
704;1.5577999829288228e+23;1731818.3576557657;13159.856981197652;265.3690281194323;12948859.0;79102472.0;11100428.0;17141351.0;;704
705;1.6696086816425962e+23;1755993.6410194624;13251.39102516963;265.7371628193023;12990223.0;79155873.0;11136425.0;17233729.0;;705
706;1.789442277804734e+23;1780506.3987626927;13343.561738766351;266.10580821613723;13026112.0;79204481.0;11159574.0;17432617.0;;706
707;1.9178767460916222e+23;1805361.3418522396;13436.373550375265;266.47496501840436;13048774.0;79255738.0;11181510.0;17695210.0;;707
708;2.055529400876449e+23;1830563.2470175254;13529.83091918567;266.84463393555376;13109527.0;79270657.0;11204125.0;17990141.0;;708
709;2.203061863322517e+23;1856116.957668636;13623.938335403005;267.2148156780199;13159342.0;79283051.0;11223974.0;18287986.0;;709
710;2.3611832414348226e+23;1882027.3848271412;13718.70032046455;267.5855109572224;13214498.0;79347132.0;11223974.0;18548225.0;;710
711;2.5306535383552582e+23;1908299.5080699187;13814.121427256672;267.95672048556816;13268459.0;79376887.0;11223974.0;18680017.0;;711
712;2.712287305282753e+23;1934938.3764861429;13910.206240333546;268.32844497645226;13323179.0;79414588.0;11223974.0;18772331.0;;712
713;2.906957556576117e+23;1961949.1096476526;14006.959376137465;268.70068514425935;13373207.0;79461166.0;11260040.0;18994411.0;;713
714;3.1155999658576455e+23;1989336.898592844;14104.385483220614;269.0734417043652;13402905.0;79510871.0;11260040.0;19278143.0;;714
715;3.3392173632851924e+23;2017107.006824312;14202.48924246842;269.44671537313803;13489319.0;79521089.0;11260040.0;19596530.0;;715
716;3.578884555609468e+23;2045264.7713204012;14301.275367324417;269.82050686793974;13563466.0;79532139.0;11324637.0;19893028.0;;716
717;3.8357534921832444e+23;2073815.6035609064;14400.74860401676;270.1948169071275;13645834.0;79567523.0;11324637.0;20145054.0;;717
718;4.111058801752898e+23;2102764.990567061;14500.913731786219;270.5696462100549;13724411.0;79591898.0;11324637.0;20256278.0;;718
719;4.406123726645034e+23;2132118.495956065;14601.775563115825;270.94499549707353;13800179.0;79638027.0;11324637.0;20323779.0;;719
720;4.722366482869645e+23;2161881.7610103106;14703.33894396205;271.32086548953436;13861743.0;79691199.0;11378784.0;20561131.0;;720
721;5.0613070767105164e+23;2192060.505761566;14805.608753987679;271.69725690978896;13895188.0;79722557.0;11378784.0;20829608.0;;721
722;5.424574610565506e+23;2222660.5300902645;14908.589906796231;272.074170481191;13992092.0;79733436.0;11378784.0;21357095.0;;722
723;5.813915113152234e+23;2253687.7148401574;15012.287350168055;272.4516069280976;14070450.0;79744887.0;11451676.0;21357039.0;;723
724;6.231199931715291e+23;2285148.022948505;15116.706066297991;272.82956697587093;14153098.0;79787156.0;11451676.0;21553495.0;;724
725;6.678434726570385e+23;2317047.500592079;15221.85107203483;273.2080513508791;14229495.0;79811718.0;11451676.0;21668677.0;;725
726;7.157769111218936e+23;2349392.278349131;15327.727419122286;273.5870607804982;14304111.0;79852729.0;11451676.0;21668677.0;;726
727;7.671506984366489e+23;2382188.5723775956;15434.340194441727;273.9665959931132;14364723.0;79895723.0;11508309.0;21849074.0;;727
728;8.222117603505796e+23;2415442.685609741;15541.694520256602;274.34665771811945;14396283.0;79942159.0;11508309.0;22265788.0;;728
729;8.812247453290068e+23;2449161.0089634834;15649.795554458478;274.72724668592446;14496579.0;79951593.0;11508309.0;22441051.0;;729
730;9.44473296573929e+23;2483350.0225706357;15758.648490814925;275.10836362794873;14567990.0;79963383.0;11551574.0;22591726.0;;730
731;1.0122614153421033e+24;2518016.297022278;15868.258559219024;275.4900092766275;14642354.0;80002353.0;11551574.0;22647197.0;;731
732;1.0849149221131012e+24;2553166.494631527;15978.631025940635;275.8721843654121;14719394.0;80026534.0;11551574.0;22677986.0;;732
733;1.1627830226304467e+24;2588807.3707139143;16089.771193879404;276.25488962877137;14790806.0;80065716.0;11551574.0;22878428.0;;733
734;1.2462399863430582e+24;2624945.774885673;16201.684402819581;276.638125802193;14845815.0;80111350.0;11578653.0;23017079.0;;734
735;1.335686945314077e+24;2661588.652380111;16314.376029686551;277.0218936221849;14877144.0;80143568.0;11578653.0;23182447.0;;735
736;1.4315538222437872e+24;2698743.0453823847;16427.851488805176;277.40619382627705;14966058.0;80155375.0;11578653.0;23339311.0;;736
737;1.5343013968732977e+24;2736416.094382881;16542.1162321599;277.79102715302207;15035943.0;80160130.0;11627487.0;23376879.0;;737
738;1.6444235207011592e+24;2774615.0395495286;16657.175749656748;278.1763943419976;15106066.0;80189034.0;11627487.0;23416663.0;;738
739;1.7624494906580136e+24;2813347.2221192303;16773.035569387044;278.562296133807;15173707.0;80214637.0;11627487.0;23437145.0;;739
740;1.888946593147858e+24;2852620.085808741;16889.70125789305;278.94873327008105;15238128.0;80255584.0;11627487.0;23459628.0;;740
741;2.0245228306842066e+24;2892441.1782452185;17007.17842043535;279.3357064934795;15292048.0;80306222.0;11662214.0;23658211.0;;741
742;2.1698298442262024e+24;2932818.1524167797;17125.472701262235;279.7232165476923;15320753.0;80381248.0;11662214.0;23844536.0;;742
743;2.3255660452608935e+24;2973758.7681432716;17244.58978388083;280.11126417744094;15404809.0;80393960.0;11662214.0;24006254.0;;743
744;2.4924799726861164e+24;3015270.8935675924;17364.535391330206;280.4998501284802;15467395.0;80403492.0;11662214.0;24141333.0;;744
745;2.671373890628154e+24;3057362.5066678114;17485.315286456265;280.88897514759947;15533012.0;80443833.0;11662214.0;24180512.0;;745
746;2.8631076444875745e+24;3100041.6967904326;17606.93527218872;281.2786399826238;15595302.0;80479577.0;11662214.0;24200596.0;;746
747;3.0686027937465955e+24;3143316.6662050253;17729.401191819834;281.6688453824161;15659835.0;80534967.0;11662214.0;24337394.0;;747
748;3.2888470414023185e+24;3187195.731680579;17852.718929285194;282.0595920968779;15712088.0;80585631.0;11736893.0;24337394.0;;748
749;3.524898981316027e+24;3231687.3260838403;17976.894409446366;282.450880876951;15730676.0;80621069.0;11736893.0;24609159.0;;749
750;;;;;15758002.0;80633405.0;11736893.0;24710769.0;;750
751;;;;;15858442.0;80640908.0;11786036.0;24798067.0;;751
752;;;;;15934437.0;80702296.0;11786036.0;24809785.0;;752
753;;;;;16008181.0;80741558.0;11786036.0;24813817.0;;753
754;;;;;16079209.0;80810497.0;11786036.0;24927339.0;;754
755;;;;;16136057.0;80872193.0;11833457.0;25033970.0;;755
756;;;;;16161339.0;80962245.0;11833457.0;25130137.0;;756
757;;;;;16191323.0;80981977.0;11833457.0;25215210.0;;757
758;;;;;16279754.0;80995465.0;11896152.0;25287462.0;;758
759;;;;;16349788.0;81065669.0;11896152.0;25295950.0;;759
760;;;;;16409183.0;81111019.0;11896152.0;;;760
761;;;;;16463200.0;81201034.0;11896152.0;;;761
762;;;;;16504791.0;81278389.0;11953481.0;;;762
763;;;;;16523859.0;81339578.0;11953481.0;;;763
764;;;;;16586268.0;81363558.0;11953481.0;;;764
765;;;;;16633911.0;81380258.0;12009059.0;;;765
766;;;;;16682626.0;81474963.0;12009059.0;;;766
767;;;;;16726990.0;81524549.0;;;;767
768;;;;;16767773.0;81636574.0;;;;768
769;;;;;;81725122.0;;;;769
770;;;;;;81853878.0;;;;770
771;;;;;;81881696.0;;;;771
